00:04:14 INFO root: ログファイル: C:\Users\0000250059\Desktop\stock\property\land_value_research\docs\20260221_000414.log
00:05:49 INFO __main__: Skip(調査済み): 1301 1301 -> C:\Users\0000250059\Desktop\stock\property\land_value_research\data\output\1301_output.csv
00:05:49 INFO __main__: Skip(調査済み): 1332 1332 -> C:\Users\0000250059\Desktop\stock\property\land_value_research\data\output\1332_output.csv
00:05:49 INFO __main__: Skip(調査済み): 1333 1333 -> C:\Users\0000250059\Desktop\stock\property\land_value_research\data\output\1333_output.csv
00:05:49 INFO __main__: Skip(調査済み): 1375 1375 -> C:\Users\0000250059\Desktop\stock\property\land_value_research\data\output\1375_output.csv
00:05:49 INFO __main__: Skip(調査済み): 1376 カネコ種苗 -> C:\Users\0000250059\Desktop\stock\property\land_value_research\data\output\1376_output.csv
00:05:49 INFO __main__: Skip(調査済み): 1377 1377 -> C:\Users\0000250059\Desktop\stock\property\land_value_research\data\output\1377_output.csv
00:05:49 INFO __main__: Skip(調査済み): 1379 1379 -> C:\Users\0000250059\Desktop\stock\property\land_value_research\data\output\1379_output.csv
00:05:49 INFO __main__: Skip(調査済み): 1380 1380 -> C:\Users\0000250059\Desktop\stock\property\land_value_research\data\output\1380_output.csv
00:05:49 INFO __main__: Skip(調査済み): 1381 1381 -> C:\Users\0000250059\Desktop\stock\property\land_value_research\data\output\1381_output.csv
00:05:49 INFO __main__: Skip(調査済み): 1382 1382 -> C:\Users\0000250059\Desktop\stock\property\land_value_research\data\output\1382_output.csv
00:05:49 INFO __main__: Skip(調査済み): 1383 1383 -> C:\Users\0000250059\Desktop\stock\property\land_value_research\data\output\1383_output.csv
00:05:49 INFO __main__: Skip(調査済み): 1384 1384 -> C:\Users\0000250059\Desktop\stock\property\land_value_research\data\output\1384_output.csv
00:05:49 INFO __main__: Skip(調査済み): 1401 1401 -> C:\Users\0000250059\Desktop\stock\property\land_value_research\data\output\1401_output.csv
00:05:49 INFO __main__: Skip(調査済み): 1407 1407 -> C:\Users\0000250059\Desktop\stock\property\land_value_research\data\output\1407_output.csv
00:05:49 INFO __main__: Skip(調査済み): 1414 1414 -> C:\Users\0000250059\Desktop\stock\property\land_value_research\data\output\1414_output.csv
00:05:49 INFO __main__: Skip(調査済み): 1417 1417 -> C:\Users\0000250059\Desktop\stock\property\land_value_research\data\output\1417_output.csv
00:05:49 INFO __main__: Skip(調査済み): 1418 1418 -> C:\Users\0000250059\Desktop\stock\property\land_value_research\data\output\1418_output.csv
00:05:49 INFO __main__: Skip(調査済み): 1419 1419 -> C:\Users\0000250059\Desktop\stock\property\land_value_research\data\output\1419_output.csv
00:05:49 INFO __main__: Skip(調査済み): 1420 1420 -> C:\Users\0000250059\Desktop\stock\property\land_value_research\data\output\1420_output.csv
00:05:49 INFO __main__: Skip(調査済み): 1429 1429 -> C:\Users\0000250059\Desktop\stock\property\land_value_research\data\output\1429_output.csv
00:05:49 INFO __main__: Skip(調査済み): 1430 1430 -> C:\Users\0000250059\Desktop\stock\property\land_value_research\data\output\1430_output.csv
00:05:49 INFO __main__: Skip(調査済み): 1431 1431 -> C:\Users\0000250059\Desktop\stock\property\land_value_research\data\output\1431_output.csv
00:05:49 INFO __main__: Skip(調査済み): 1433 1433 -> C:\Users\0000250059\Desktop\stock\property\land_value_research\data\output\1433_output.csv
00:05:49 INFO __main__: Skip(調査済み): 1434 1434 -> C:\Users\0000250059\Desktop\stock\property\land_value_research\data\output\1434_output.csv
00:05:49 INFO __main__: Skip(調査済み): 1435 1435 -> C:\Users\0000250059\Desktop\stock\property\land_value_research\data\output\1435_output.csv
00:05:49 INFO __main__: Skip(調査済み): 1436 1436 -> C:\Users\0000250059\Desktop\stock\property\land_value_research\data\output\1436_output.csv
00:05:49 INFO __main__: Skip(調査済み): 1438 1438 -> C:\Users\0000250059\Desktop\stock\property\land_value_research\data\output\1438_output.csv
00:05:49 INFO __main__: Skip(調査済み): 1443 1443 -> C:\Users\0000250059\Desktop\stock\property\land_value_research\data\output\1443_output.csv
00:05:49 INFO __main__: Skip(調査済み): 1444 1444 -> C:\Users\0000250059\Desktop\stock\property\land_value_research\data\output\1444_output.csv
00:05:49 INFO __main__: Skip(調査済み): 1446 1446 -> C:\Users\0000250059\Desktop\stock\property\land_value_research\data\output\1446_output.csv
00:05:49 INFO __main__: Skip(調査済み): 1447 1447 -> C:\Users\0000250059\Desktop\stock\property\land_value_research\data\output\1447_output.csv
00:05:49 INFO __main__: Skip(調査済み): 1450 1450 -> C:\Users\0000250059\Desktop\stock\property\land_value_research\data\output\1450_output.csv
00:05:49 INFO __main__: Skip(調査済み): 1491 1491 -> C:\Users\0000250059\Desktop\stock\property\land_value_research\data\output\1491_output.csv
00:05:49 INFO __main__: Skip(調査済み): 1514 1514 -> C:\Users\0000250059\Desktop\stock\property\land_value_research\data\output\1514_output.csv
00:05:49 INFO __main__: Skip(調査済み): 1515 1515 -> C:\Users\0000250059\Desktop\stock\property\land_value_research\data\output\1515_output.csv
00:05:49 INFO __main__: Skip(調査済み): 1518 1518 -> C:\Users\0000250059\Desktop\stock\property\land_value_research\data\output\1518_output.csv
00:05:49 INFO __main__: Skip(調査済み): 1605 1605 -> C:\Users\0000250059\Desktop\stock\property\land_value_research\data\output\1605_output.csv
00:05:49 INFO __main__: Skip(調査済み): 1663 1663 -> C:\Users\0000250059\Desktop\stock\property\land_value_research\data\output\1663_output.csv
00:05:49 INFO __main__: Skip(調査済み): 1711 1711 -> C:\Users\0000250059\Desktop\stock\property\land_value_research\data\output\1711_output.csv
00:05:49 INFO __main__: Skip(調査済み): 1716 1716 -> C:\Users\0000250059\Desktop\stock\property\land_value_research\data\output\1716_output.csv
00:05:49 INFO __main__: Skip(調査済み): 1717 1717 -> C:\Users\0000250059\Desktop\stock\property\land_value_research\data\output\1717_output.csv
00:05:49 INFO __main__: Skip(調査済み): 1718 1718 -> C:\Users\0000250059\Desktop\stock\property\land_value_research\data\output\1718_output.csv
00:05:49 INFO __main__: Skip(調査済み): 1719 1719 -> C:\Users\0000250059\Desktop\stock\property\land_value_research\data\output\1719_output.csv
00:05:49 INFO __main__: Skip(調査済み): 1720 1720 -> C:\Users\0000250059\Desktop\stock\property\land_value_research\data\output\1720_output.csv
00:05:49 INFO __main__: Skip(調査済み): 1721 1721 -> C:\Users\0000250059\Desktop\stock\property\land_value_research\data\output\1721_output.csv
00:05:49 INFO __main__: Skip(調査済み): 1723 1723 -> C:\Users\0000250059\Desktop\stock\property\land_value_research\data\output\1723_output.csv
00:05:49 INFO __main__: Skip(調査済み): 1724 1724 -> C:\Users\0000250059\Desktop\stock\property\land_value_research\data\output\1724_output.csv
00:05:49 INFO __main__: Skip(調査済み): 1726 1726 -> C:\Users\0000250059\Desktop\stock\property\land_value_research\data\output\1726_output.csv
00:05:49 INFO __main__: Skip(調査済み): 1736 1736 -> C:\Users\0000250059\Desktop\stock\property\land_value_research\data\output\1736_output.csv
00:05:49 INFO __main__: Skip(調査済み): 1758 1758 -> C:\Users\0000250059\Desktop\stock\property\land_value_research\data\output\1758_output.csv
00:05:49 INFO __main__: Skip(調査済み): 1762 1762 -> C:\Users\0000250059\Desktop\stock\property\land_value_research\data\output\1762_output.csv
00:05:49 INFO __main__: Skip(調査済み): 1764 1764 -> C:\Users\0000250059\Desktop\stock\property\land_value_research\data\output\1764_output.csv
00:05:49 INFO __main__: Skip(調査済み): 1766 1766 -> C:\Users\0000250059\Desktop\stock\property\land_value_research\data\output\1766_output.csv
00:05:49 INFO __main__: Skip(調査済み): 1768 1768 -> C:\Users\0000250059\Desktop\stock\property\land_value_research\data\output\1768_output.csv
00:05:49 INFO __main__: Skip(調査済み): 1770 1770 -> C:\Users\0000250059\Desktop\stock\property\land_value_research\data\output\1770_output.csv
00:05:49 INFO __main__: Skip(調査済み): 1776 1776 -> C:\Users\0000250059\Desktop\stock\property\land_value_research\data\output\1776_output.csv
00:05:49 INFO __main__: Skip(調査済み): 1780 1780 -> C:\Users\0000250059\Desktop\stock\property\land_value_research\data\output\1780_output.csv
00:05:49 INFO __main__: Skip(調査済み): 1783 1783 -> C:\Users\0000250059\Desktop\stock\property\land_value_research\data\output\1783_output.csv
00:05:49 INFO __main__: Skip(調査済み): 1786 1786 -> C:\Users\0000250059\Desktop\stock\property\land_value_research\data\output\1786_output.csv
00:05:49 INFO __main__: Skip(調査済み): 1787 1787 -> C:\Users\0000250059\Desktop\stock\property\land_value_research\data\output\1787_output.csv
00:05:49 INFO __main__: Skip(調査済み): 1788 1788 -> C:\Users\0000250059\Desktop\stock\property\land_value_research\data\output\1788_output.csv
00:05:49 INFO __main__: Skip(調査済み): 1793 大本組 -> C:\Users\0000250059\Desktop\stock\property\land_value_research\data\output\1793_output.csv
00:05:49 INFO __main__: Skip(調査済み): 1795 1795 -> C:\Users\0000250059\Desktop\stock\property\land_value_research\data\output\1795_output.csv
00:05:49 INFO __main__: Skip(調査済み): 1798 1798 -> C:\Users\0000250059\Desktop\stock\property\land_value_research\data\output\1798_output.csv
00:05:49 INFO __main__: Skip(調査済み): 1799 第一建設工業 -> C:\Users\0000250059\Desktop\stock\property\land_value_research\data\output\1799_output.csv
00:05:49 INFO __main__: Skip(調査済み): 1801 1801 -> C:\Users\0000250059\Desktop\stock\property\land_value_research\data\output\1801_output.csv
00:05:49 INFO __main__: Skip(調査済み): 1802 1802 -> C:\Users\0000250059\Desktop\stock\property\land_value_research\data\output\1802_output.csv
00:05:49 INFO __main__: Skip(調査済み): 1807 佐藤渡辺 -> C:\Users\0000250059\Desktop\stock\property\land_value_research\data\output\1807_output.csv
00:05:49 INFO __main__: Skip(調査済み): 1808 1808 -> C:\Users\0000250059\Desktop\stock\property\land_value_research\data\output\1808_output.csv
00:05:49 INFO __main__: Skip(調査済み): 1810 松井建設 -> C:\Users\0000250059\Desktop\stock\property\land_value_research\data\output\1810_output.csv
00:05:49 INFO __main__: Skip(調査済み): 1811 1811 -> C:\Users\0000250059\Desktop\stock\property\land_value_research\data\output\1811_output.csv
00:05:49 INFO __main__: Skip(調査済み): 1812 1812 -> C:\Users\0000250059\Desktop\stock\property\land_value_research\data\output\1812_output.csv
00:05:49 INFO __main__: Skip(調査済み): 1813 1813 -> C:\Users\0000250059\Desktop\stock\property\land_value_research\data\output\1813_output.csv
00:05:49 INFO __main__: Skip(調査済み): 1814 1814 -> C:\Users\0000250059\Desktop\stock\property\land_value_research\data\output\1814_output.csv
00:05:49 INFO __main__: Skip(調査済み): 1815 1815 -> C:\Users\0000250059\Desktop\stock\property\land_value_research\data\output\1815_output.csv
00:05:49 INFO __main__: Skip(調査済み): 1820 1820 -> C:\Users\0000250059\Desktop\stock\property\land_value_research\data\output\1820_output.csv
00:05:49 INFO __main__: Skip(調査済み): 1826 1826 -> C:\Users\0000250059\Desktop\stock\property\land_value_research\data\output\1826_output.csv
00:05:49 INFO __main__: Skip(調査済み): 1827 1827 -> C:\Users\0000250059\Desktop\stock\property\land_value_research\data\output\1827_output.csv
00:05:49 INFO __main__: Skip(調査済み): 1828 1828 -> C:\Users\0000250059\Desktop\stock\property\land_value_research\data\output\1828_output.csv
00:05:49 INFO __main__: Skip(調査済み): 1835 1835 -> C:\Users\0000250059\Desktop\stock\property\land_value_research\data\output\1835_output.csv
00:05:49 INFO __main__: Skip(調査済み): 1840 1840 -> C:\Users\0000250059\Desktop\stock\property\land_value_research\data\output\1840_output.csv
00:05:49 INFO __main__: Skip(調査済み): 1841 1841 -> C:\Users\0000250059\Desktop\stock\property\land_value_research\data\output\1841_output.csv
00:05:49 INFO __main__: Skip(調査済み): 1844 1844 -> C:\Users\0000250059\Desktop\stock\property\land_value_research\data\output\1844_output.csv
00:05:49 INFO __main__: Skip(調査済み): 1847 1847 -> C:\Users\0000250059\Desktop\stock\property\land_value_research\data\output\1847_output.csv
00:05:49 INFO __main__: Skip(調査済み): 1848 1848 -> C:\Users\0000250059\Desktop\stock\property\land_value_research\data\output\1848_output.csv
00:05:49 INFO __main__: Skip(調査済み): 1850 1850 -> C:\Users\0000250059\Desktop\stock\property\land_value_research\data\output\1850_output.csv
00:05:49 INFO __main__: Skip(調査済み): 1852 1852 -> C:\Users\0000250059\Desktop\stock\property\land_value_research\data\output\1852_output.csv
00:05:49 INFO __main__: Skip(調査済み): 1853 森組 -> C:\Users\0000250059\Desktop\stock\property\land_value_research\data\output\1853_output.csv
00:05:49 INFO __main__: Skip(調査済み): 1860 1860 -> C:\Users\0000250059\Desktop\stock\property\land_value_research\data\output\1860_output.csv
00:05:49 INFO __main__: Skip(調査済み): 1866 北野建設 -> C:\Users\0000250059\Desktop\stock\property\land_value_research\data\output\1866_output.csv
00:05:49 INFO __main__: Skip(調査済み): 1867 植木組 -> C:\Users\0000250059\Desktop\stock\property\land_value_research\data\output\1867_output.csv
00:05:49 INFO __main__: Skip(調査済み): 1870 1870 -> C:\Users\0000250059\Desktop\stock\property\land_value_research\data\output\1870_output.csv
00:05:49 INFO __main__: Skip(調査済み): 1871 1871 -> C:\Users\0000250059\Desktop\stock\property\land_value_research\data\output\1871_output.csv
00:05:49 INFO __main__: Skip(調査済み): 1873 1873 -> C:\Users\0000250059\Desktop\stock\property\land_value_research\data\output\1873_output.csv
00:05:49 INFO __main__: Skip(調査済み): 1878 1878 -> C:\Users\0000250059\Desktop\stock\property\land_value_research\data\output\1878_output.csv
00:05:49 INFO __main__: Skip(調査済み): 1879 1879 -> C:\Users\0000250059\Desktop\stock\property\land_value_research\data\output\1879_output.csv
00:05:49 INFO __main__: Skip(調査済み): 1882 1882 -> C:\Users\0000250059\Desktop\stock\property\land_value_research\data\output\1882_output.csv
00:05:49 INFO __main__: Skip(調査済み): 1888 1888 -> C:\Users\0000250059\Desktop\stock\property\land_value_research\data\output\1888_output.csv
00:05:49 INFO __main__: Skip(調査済み): 1893 1893 -> C:\Users\0000250059\Desktop\stock\property\land_value_research\data\output\1893_output.csv
00:05:49 INFO __main__: Skip(調査済み): 1897 1897 -> C:\Users\0000250059\Desktop\stock\property\land_value_research\data\output\1897_output.csv
00:05:49 INFO __main__: Skip(調査済み): 1898 1898 -> C:\Users\0000250059\Desktop\stock\property\land_value_research\data\output\1898_output.csv
00:05:49 INFO __main__: Skip(調査済み): 1899 福田組 -> C:\Users\0000250059\Desktop\stock\property\land_value_research\data\output\1899_output.csv
00:05:49 INFO __main__: Skip(調査済み): 1904 1904 -> C:\Users\0000250059\Desktop\stock\property\land_value_research\data\output\1904_output.csv
00:05:49 INFO __main__: Skip(調査済み): 1905 1905 -> C:\Users\0000250059\Desktop\stock\property\land_value_research\data\output\1905_output.csv
00:05:49 INFO __main__: Skip(調査済み): 1909 1909 -> C:\Users\0000250059\Desktop\stock\property\land_value_research\data\output\1909_output.csv
00:05:49 INFO __main__: Skip(調査済み): 1914 1914 -> C:\Users\0000250059\Desktop\stock\property\land_value_research\data\output\1914_output.csv
00:05:49 INFO __main__: Skip(調査済み): 1921 巴コーポレーション -> C:\Users\0000250059\Desktop\stock\property\land_value_research\data\output\1921_output.csv
00:05:49 INFO __main__: Skip(調査済み): 1925 1925 -> C:\Users\0000250059\Desktop\stock\property\land_value_research\data\output\1925_output.csv
00:05:49 INFO __main__: Skip(調査済み): 1926 1926 -> C:\Users\0000250059\Desktop\stock\property\land_value_research\data\output\1926_output.csv
00:05:49 INFO __main__: Skip(調査済み): 1928 1928 -> C:\Users\0000250059\Desktop\stock\property\land_value_research\data\output\1928_output.csv
00:05:49 INFO __main__: Skip(調査済み): 1929 1929 -> C:\Users\0000250059\Desktop\stock\property\land_value_research\data\output\1929_output.csv
00:05:49 INFO __main__: Skip(調査済み): 1930 北陸電気工事 -> C:\Users\0000250059\Desktop\stock\property\land_value_research\data\output\1930_output.csv
00:05:49 INFO __main__: Skip(調査済み): 1934 1934 -> C:\Users\0000250059\Desktop\stock\property\land_value_research\data\output\1934_output.csv
00:05:49 INFO __main__: Skip(調査済み): 1938 1938 -> C:\Users\0000250059\Desktop\stock\property\land_value_research\data\output\1938_output.csv
00:05:49 INFO __main__: Skip(調査済み): 1939 1939 -> C:\Users\0000250059\Desktop\stock\property\land_value_research\data\output\1939_output.csv
00:05:49 INFO __main__: Skip(調査済み): 1941 1941 -> C:\Users\0000250059\Desktop\stock\property\land_value_research\data\output\1941_output.csv
00:05:49 INFO __main__: Skip(調査済み): 1942 1942 -> C:\Users\0000250059\Desktop\stock\property\land_value_research\data\output\1942_output.csv
00:05:49 INFO __main__: Skip(調査済み): 1944 1944 -> C:\Users\0000250059\Desktop\stock\property\land_value_research\data\output\1944_output.csv
00:05:49 INFO __main__: Skip(調査済み): 1945 東京エネシス -> C:\Users\0000250059\Desktop\stock\property\land_value_research\data\output\1945_output.csv
00:05:49 INFO __main__: Skip(調査済み): 1946 1946 -> C:\Users\0000250059\Desktop\stock\property\land_value_research\data\output\1946_output.csv
00:05:49 INFO __main__: Skip(調査済み): 1948 1948 -> C:\Users\0000250059\Desktop\stock\property\land_value_research\data\output\1948_output.csv
00:05:49 INFO __main__: Skip(調査済み): 1949 1949 -> C:\Users\0000250059\Desktop\stock\property\land_value_research\data\output\1949_output.csv
00:05:49 INFO __main__: Skip(調査済み): 1950 1950 -> C:\Users\0000250059\Desktop\stock\property\land_value_research\data\output\1950_output.csv
00:05:49 INFO __main__: Skip(調査済み): 1951 1951 -> C:\Users\0000250059\Desktop\stock\property\land_value_research\data\output\1951_output.csv
00:05:49 INFO __main__: Skip(調査済み): 1952 1952 -> C:\Users\0000250059\Desktop\stock\property\land_value_research\data\output\1952_output.csv
00:05:49 INFO __main__: Skip(調査済み): 1959 1959 -> C:\Users\0000250059\Desktop\stock\property\land_value_research\data\output\1959_output.csv
00:05:49 INFO __main__: Skip(調査済み): 1960 1960 -> C:\Users\0000250059\Desktop\stock\property\land_value_research\data\output\1960_output.csv
00:05:49 INFO __main__: Skip(調査済み): 1961 1961 -> C:\Users\0000250059\Desktop\stock\property\land_value_research\data\output\1961_output.csv
00:05:49 INFO __main__: Skip(調査済み): 1963 1963 -> C:\Users\0000250059\Desktop\stock\property\land_value_research\data\output\1963_output.csv
00:05:49 INFO __main__: Skip(調査済み): 1964 1964 -> C:\Users\0000250059\Desktop\stock\property\land_value_research\data\output\1964_output.csv
00:05:49 INFO __main__: Skip(調査済み): 1965 1965 -> C:\Users\0000250059\Desktop\stock\property\land_value_research\data\output\1965_output.csv
00:05:49 INFO __main__: Skip(調査済み): 1966 1966 -> C:\Users\0000250059\Desktop\stock\property\land_value_research\data\output\1966_output.csv
00:05:49 INFO __main__: Skip(調査済み): 1967 1967 -> C:\Users\0000250059\Desktop\stock\property\land_value_research\data\output\1967_output.csv
00:05:49 INFO __main__: Skip(調査済み): 1968 1968 -> C:\Users\0000250059\Desktop\stock\property\land_value_research\data\output\1968_output.csv
00:05:49 INFO __main__: Skip(調査済み): 1969 1969 -> C:\Users\0000250059\Desktop\stock\property\land_value_research\data\output\1969_output.csv
00:05:49 INFO __main__: Skip(調査済み): 1972 1972 -> C:\Users\0000250059\Desktop\stock\property\land_value_research\data\output\1972_output.csv
00:05:49 INFO __main__: Skip(調査済み): 1975 1975 -> C:\Users\0000250059\Desktop\stock\property\land_value_research\data\output\1975_output.csv
00:05:49 INFO __main__: Skip(調査済み): 1976 1976 -> C:\Users\0000250059\Desktop\stock\property\land_value_research\data\output\1976_output.csv
00:05:49 INFO __main__: Skip(調査済み): 1979 1979 -> C:\Users\0000250059\Desktop\stock\property\land_value_research\data\output\1979_output.csv
00:05:49 INFO __main__: Skip(調査済み): 1980 1980 -> C:\Users\0000250059\Desktop\stock\property\land_value_research\data\output\1980_output.csv
00:05:49 INFO __main__: Skip(調査済み): 1981 1981 -> C:\Users\0000250059\Desktop\stock\property\land_value_research\data\output\1981_output.csv
00:05:49 INFO __main__: Skip(調査済み): 1982 1982 -> C:\Users\0000250059\Desktop\stock\property\land_value_research\data\output\1982_output.csv
00:05:49 INFO __main__: Skip(調査済み): 1992 1992 -> C:\Users\0000250059\Desktop\stock\property\land_value_research\data\output\1992_output.csv
00:05:49 INFO __main__: Skip(調査済み): 1994 1994 -> C:\Users\0000250059\Desktop\stock\property\land_value_research\data\output\1994_output.csv
00:05:49 INFO __main__: Skip(調査済み): 1997 1997 -> C:\Users\0000250059\Desktop\stock\property\land_value_research\data\output\1997_output.csv
00:05:49 INFO __main__: Skip(調査済み): 2001 ニップン -> C:\Users\0000250059\Desktop\stock\property\land_value_research\data\output\2001_output.csv
00:05:49 INFO __main__: Skip(調査済み): 2002 2002 -> C:\Users\0000250059\Desktop\stock\property\land_value_research\data\output\2002_output.csv
00:05:49 INFO __main__: Skip(調査済み): 2003 2003 -> C:\Users\0000250059\Desktop\stock\property\land_value_research\data\output\2003_output.csv
00:05:49 INFO __main__: Skip(調査済み): 2004 昭和産業 -> C:\Users\0000250059\Desktop\stock\property\land_value_research\data\output\2004_output.csv
00:05:49 INFO __main__: Skip(調査済み): 2009 鳥越製粉 -> C:\Users\0000250059\Desktop\stock\property\land_value_research\data\output\2009_output.csv
00:05:49 INFO __main__: Skip(調査済み): 2053 2053 -> C:\Users\0000250059\Desktop\stock\property\land_value_research\data\output\2053_output.csv
00:05:49 INFO __main__: Skip(調査済み): 2055 日和産業 -> C:\Users\0000250059\Desktop\stock\property\land_value_research\data\output\2055_output.csv
00:05:49 INFO __main__: Skip(調査済み): 2060 2060 -> C:\Users\0000250059\Desktop\stock\property\land_value_research\data\output\2060_output.csv
00:05:49 INFO __main__: Skip(調査済み): 2108 日本甜菜製糖 -> C:\Users\0000250059\Desktop\stock\property\land_value_research\data\output\2108_output.csv
00:05:49 INFO __main__: Skip(調査済み): 2109 DM三井製糖 -> C:\Users\0000250059\Desktop\stock\property\land_value_research\data\output\2109_output.csv
00:05:49 INFO __main__: Skip(調査済み): 2112 2112 -> C:\Users\0000250059\Desktop\stock\property\land_value_research\data\output\2112_output.csv
00:05:49 INFO __main__: Skip(調査済み): 2114 2114 -> C:\Users\0000250059\Desktop\stock\property\land_value_research\data\output\2114_output.csv
00:05:49 INFO __main__: Skip(調査済み): 2117 2117 -> C:\Users\0000250059\Desktop\stock\property\land_value_research\data\output\2117_output.csv
00:05:49 INFO __main__: Skip(調査済み): 2120 2120 -> C:\Users\0000250059\Desktop\stock\property\land_value_research\data\output\2120_output.csv
00:05:49 INFO __main__: Skip(調査済み): 2121 2121 -> C:\Users\0000250059\Desktop\stock\property\land_value_research\data\output\2121_output.csv
00:05:49 INFO __main__: Skip(調査済み): 2122 2122 -> C:\Users\0000250059\Desktop\stock\property\land_value_research\data\output\2122_output.csv
00:05:49 INFO __main__: Skip(調査済み): 2124 2124 -> C:\Users\0000250059\Desktop\stock\property\land_value_research\data\output\2124_output.csv
00:05:49 INFO __main__: Skip(調査済み): 2127 2127 -> C:\Users\0000250059\Desktop\stock\property\land_value_research\data\output\2127_output.csv
00:05:49 INFO __main__: Skip(調査済み): 2130 2130 -> C:\Users\0000250059\Desktop\stock\property\land_value_research\data\output\2130_output.csv
00:05:49 INFO __main__: Skip(調査済み): 2134 2134 -> C:\Users\0000250059\Desktop\stock\property\land_value_research\data\output\2134_output.csv
00:05:49 INFO __main__: Skip(調査済み): 2136 2136 -> C:\Users\0000250059\Desktop\stock\property\land_value_research\data\output\2136_output.csv
00:05:49 INFO __main__: Skip(調査済み): 2138 2138 -> C:\Users\0000250059\Desktop\stock\property\land_value_research\data\output\2138_output.csv
00:05:49 INFO __main__: Skip(調査済み): 2139 2139 -> C:\Users\0000250059\Desktop\stock\property\land_value_research\data\output\2139_output.csv
00:05:49 INFO __main__: Skip(調査済み): 2146 2146 -> C:\Users\0000250059\Desktop\stock\property\land_value_research\data\output\2146_output.csv
00:05:49 INFO __main__: Skip(調査済み): 2148 2148 -> C:\Users\0000250059\Desktop\stock\property\land_value_research\data\output\2148_output.csv
00:05:49 INFO __main__: Skip(調査済み): 2152 2152 -> C:\Users\0000250059\Desktop\stock\property\land_value_research\data\output\2152_output.csv
00:05:49 INFO __main__: Skip(調査済み): 2153 2153 -> C:\Users\0000250059\Desktop\stock\property\land_value_research\data\output\2153_output.csv
00:05:49 INFO __main__: Skip(調査済み): 2154 2154 -> C:\Users\0000250059\Desktop\stock\property\land_value_research\data\output\2154_output.csv
00:05:49 INFO __main__: Skip(調査済み): 2156 2156 -> C:\Users\0000250059\Desktop\stock\property\land_value_research\data\output\2156_output.csv
00:05:49 INFO __main__: Skip(調査済み): 2157 2157 -> C:\Users\0000250059\Desktop\stock\property\land_value_research\data\output\2157_output.csv
00:05:49 INFO __main__: Skip(調査済み): 2158 2158 -> C:\Users\0000250059\Desktop\stock\property\land_value_research\data\output\2158_output.csv
00:05:49 INFO __main__: Skip(調査済み): 2160 2160 -> C:\Users\0000250059\Desktop\stock\property\land_value_research\data\output\2160_output.csv
00:05:49 INFO __main__: Skip(調査済み): 2162 2162 -> C:\Users\0000250059\Desktop\stock\property\land_value_research\data\output\2162_output.csv
00:05:49 INFO __main__: Skip(調査済み): 2163 2163 -> C:\Users\0000250059\Desktop\stock\property\land_value_research\data\output\2163_output.csv
00:05:49 INFO __main__: Skip(調査済み): 2164 2164 -> C:\Users\0000250059\Desktop\stock\property\land_value_research\data\output\2164_output.csv
00:05:49 INFO __main__: Skip(調査済み): 2168 2168 -> C:\Users\0000250059\Desktop\stock\property\land_value_research\data\output\2168_output.csv
00:05:49 INFO __main__: Skip(調査済み): 2169 2169 -> C:\Users\0000250059\Desktop\stock\property\land_value_research\data\output\2169_output.csv
00:05:49 INFO __main__: Skip(調査済み): 2170 2170 -> C:\Users\0000250059\Desktop\stock\property\land_value_research\data\output\2170_output.csv
00:05:49 INFO __main__: Skip(調査済み): 2173 2173 -> C:\Users\0000250059\Desktop\stock\property\land_value_research\data\output\2173_output.csv
00:05:49 INFO __main__: Skip(調査済み): 2175 2175 -> C:\Users\0000250059\Desktop\stock\property\land_value_research\data\output\2175_output.csv
00:05:49 INFO __main__: Skip(調査済み): 2179 2179 -> C:\Users\0000250059\Desktop\stock\property\land_value_research\data\output\2179_output.csv
00:05:49 INFO __main__: Skip(調査済み): 2180 2180 -> C:\Users\0000250059\Desktop\stock\property\land_value_research\data\output\2180_output.csv
00:05:49 INFO __main__: Skip(調査済み): 2181 2181 -> C:\Users\0000250059\Desktop\stock\property\land_value_research\data\output\2181_output.csv
00:05:49 INFO __main__: Skip(調査済み): 2183 2183 -> C:\Users\0000250059\Desktop\stock\property\land_value_research\data\output\2183_output.csv
00:05:49 INFO __main__: Skip(調査済み): 2185 2185 -> C:\Users\0000250059\Desktop\stock\property\land_value_research\data\output\2185_output.csv
00:05:49 INFO __main__: Skip(調査済み): 2186 2186 -> C:\Users\0000250059\Desktop\stock\property\land_value_research\data\output\2186_output.csv
00:05:49 INFO __main__: Skip(調査済み): 2193 2193 -> C:\Users\0000250059\Desktop\stock\property\land_value_research\data\output\2193_output.csv
00:05:49 INFO __main__: Skip(調査済み): 2195 2195 -> C:\Users\0000250059\Desktop\stock\property\land_value_research\data\output\2195_output.csv
00:05:49 INFO __main__: Skip(調査済み): 2196 2196 -> C:\Users\0000250059\Desktop\stock\property\land_value_research\data\output\2196_output.csv
00:05:49 INFO __main__: Skip(調査済み): 2198 2198 -> C:\Users\0000250059\Desktop\stock\property\land_value_research\data\output\2198_output.csv
00:05:49 INFO __main__: Skip(調査済み): 2201 2201 -> C:\Users\0000250059\Desktop\stock\property\land_value_research\data\output\2201_output.csv
00:05:49 INFO __main__: Skip(調査済み): 2204 中村屋 -> C:\Users\0000250059\Desktop\stock\property\land_value_research\data\output\2204_output.csv
00:05:49 INFO __main__: Skip(調査済み): 2206 2206 -> C:\Users\0000250059\Desktop\stock\property\land_value_research\data\output\2206_output.csv
00:05:49 INFO __main__: Skip(調査済み): 2207 meito -> C:\Users\0000250059\Desktop\stock\property\land_value_research\data\output\2207_output.csv
00:05:49 INFO __main__: Skip(調査済み): 2208 2208 -> C:\Users\0000250059\Desktop\stock\property\land_value_research\data\output\2208_output.csv
00:05:49 INFO __main__: Skip(調査済み): 2209 2209 -> C:\Users\0000250059\Desktop\stock\property\land_value_research\data\output\2209_output.csv
00:05:49 INFO __main__: Skip(調査済み): 2211 2211 -> C:\Users\0000250059\Desktop\stock\property\land_value_research\data\output\2211_output.csv
00:05:49 INFO __main__: Skip(調査済み): 2212 2212 -> C:\Users\0000250059\Desktop\stock\property\land_value_research\data\output\2212_output.csv
00:05:49 INFO __main__: Skip(調査済み): 2215 第一屋製パン -> C:\Users\0000250059\Desktop\stock\property\land_value_research\data\output\2215_output.csv
00:05:49 INFO __main__: Skip(調査済み): 2216 2216 -> C:\Users\0000250059\Desktop\stock\property\land_value_research\data\output\2216_output.csv
00:05:49 INFO __main__: Skip(調査済み): 2217 2217 -> C:\Users\0000250059\Desktop\stock\property\land_value_research\data\output\2217_output.csv
00:05:49 INFO __main__: Skip(調査済み): 2220 2220 -> C:\Users\0000250059\Desktop\stock\property\land_value_research\data\output\2220_output.csv
00:05:49 INFO __main__: Skip(調査済み): 2221 2221 -> C:\Users\0000250059\Desktop\stock\property\land_value_research\data\output\2221_output.csv
00:05:49 INFO __main__: Skip(調査済み): 2222 2222 -> C:\Users\0000250059\Desktop\stock\property\land_value_research\data\output\2222_output.csv
00:05:49 INFO __main__: Skip(調査済み): 2224 2224 -> C:\Users\0000250059\Desktop\stock\property\land_value_research\data\output\2224_output.csv
00:05:49 INFO __main__: Skip(調査済み): 2226 2226 -> C:\Users\0000250059\Desktop\stock\property\land_value_research\data\output\2226_output.csv
00:05:49 INFO __main__: Skip(調査済み): 2229 2229 -> C:\Users\0000250059\Desktop\stock\property\land_value_research\data\output\2229_output.csv
00:05:49 INFO __main__: Skip(調査済み): 2266 2266 -> C:\Users\0000250059\Desktop\stock\property\land_value_research\data\output\2266_output.csv
00:05:49 INFO __main__: Skip(調査済み): 2267 2267 -> C:\Users\0000250059\Desktop\stock\property\land_value_research\data\output\2267_output.csv
00:05:49 INFO __main__: Skip(調査済み): 2268 2268 -> C:\Users\0000250059\Desktop\stock\property\land_value_research\data\output\2268_output.csv
00:05:49 INFO __main__: Skip(調査済み): 2269 2269 -> C:\Users\0000250059\Desktop\stock\property\land_value_research\data\output\2269_output.csv
00:05:49 INFO __main__: Skip(調査済み): 2270 2270 -> C:\Users\0000250059\Desktop\stock\property\land_value_research\data\output\2270_output.csv
00:05:49 INFO __main__: Skip(調査済み): 2281 2281 -> C:\Users\0000250059\Desktop\stock\property\land_value_research\data\output\2281_output.csv
00:05:49 INFO __main__: Skip(調査済み): 2282 2282 -> C:\Users\0000250059\Desktop\stock\property\land_value_research\data\output\2282_output.csv
00:05:49 INFO __main__: Skip(調査済み): 2286 2286 -> C:\Users\0000250059\Desktop\stock\property\land_value_research\data\output\2286_output.csv
00:05:49 INFO __main__: Skip(調査済み): 2288 2288 -> C:\Users\0000250059\Desktop\stock\property\land_value_research\data\output\2288_output.csv
00:05:49 INFO __main__: Skip(調査済み): 2291 2291 -> C:\Users\0000250059\Desktop\stock\property\land_value_research\data\output\2291_output.csv
00:05:49 INFO __main__: Skip(調査済み): 2292 2292 -> C:\Users\0000250059\Desktop\stock\property\land_value_research\data\output\2292_output.csv
00:05:49 INFO __main__: Skip(調査済み): 2293 2293 -> C:\Users\0000250059\Desktop\stock\property\land_value_research\data\output\2293_output.csv
00:05:49 INFO __main__: Skip(調査済み): 2294 2294 -> C:\Users\0000250059\Desktop\stock\property\land_value_research\data\output\2294_output.csv
00:05:49 INFO __main__: Skip(調査済み): 2296 2296 -> C:\Users\0000250059\Desktop\stock\property\land_value_research\data\output\2296_output.csv
00:05:49 INFO __main__: Skip(調査済み): 2300 2300 -> C:\Users\0000250059\Desktop\stock\property\land_value_research\data\output\2300_output.csv
00:05:49 INFO __main__: Skip(調査済み): 2301 2301 -> C:\Users\0000250059\Desktop\stock\property\land_value_research\data\output\2301_output.csv
00:05:49 INFO __main__: Skip(調査済み): 2303 2303 -> C:\Users\0000250059\Desktop\stock\property\land_value_research\data\output\2303_output.csv
00:05:49 INFO __main__: Skip(調査済み): 2304 2304 -> C:\Users\0000250059\Desktop\stock\property\land_value_research\data\output\2304_output.csv
00:05:49 INFO __main__: Skip(調査済み): 2305 2305 -> C:\Users\0000250059\Desktop\stock\property\land_value_research\data\output\2305_output.csv
00:05:49 INFO __main__: Skip(調査済み): 2307 2307 -> C:\Users\0000250059\Desktop\stock\property\land_value_research\data\output\2307_output.csv
00:05:49 INFO __main__: Skip(調査済み): 2311 2311 -> C:\Users\0000250059\Desktop\stock\property\land_value_research\data\output\2311_output.csv
00:05:49 INFO __main__: Skip(調査済み): 2315 2315 -> C:\Users\0000250059\Desktop\stock\property\land_value_research\data\output\2315_output.csv
00:05:49 INFO __main__: Skip(調査済み): 2317 2317 -> C:\Users\0000250059\Desktop\stock\property\land_value_research\data\output\2317_output.csv
00:05:49 INFO __main__: Skip(調査済み): 2321 2321 -> C:\Users\0000250059\Desktop\stock\property\land_value_research\data\output\2321_output.csv
00:05:49 INFO __main__: Skip(調査済み): 2323 2323 -> C:\Users\0000250059\Desktop\stock\property\land_value_research\data\output\2323_output.csv
00:05:49 INFO __main__: Skip(調査済み): 2325 2325 -> C:\Users\0000250059\Desktop\stock\property\land_value_research\data\output\2325_output.csv
00:05:49 INFO __main__: Skip(調査済み): 2326 2326 -> C:\Users\0000250059\Desktop\stock\property\land_value_research\data\output\2326_output.csv
00:05:49 INFO __main__: Skip(調査済み): 2327 2327 -> C:\Users\0000250059\Desktop\stock\property\land_value_research\data\output\2327_output.csv
00:05:49 INFO __main__: Skip(調査済み): 2329 2329 -> C:\Users\0000250059\Desktop\stock\property\land_value_research\data\output\2329_output.csv
00:05:49 INFO __main__: Skip(調査済み): 2330 2330 -> C:\Users\0000250059\Desktop\stock\property\land_value_research\data\output\2330_output.csv
00:05:49 INFO __main__: Skip(調査済み): 2331 2331 -> C:\Users\0000250059\Desktop\stock\property\land_value_research\data\output\2331_output.csv
00:05:49 INFO __main__: Skip(調査済み): 2332 2332 -> C:\Users\0000250059\Desktop\stock\property\land_value_research\data\output\2332_output.csv
00:05:49 INFO __main__: Skip(調査済み): 2334 2334 -> C:\Users\0000250059\Desktop\stock\property\land_value_research\data\output\2334_output.csv
00:05:49 INFO __main__: Skip(調査済み): 2335 2335 -> C:\Users\0000250059\Desktop\stock\property\land_value_research\data\output\2335_output.csv
00:05:49 INFO __main__: Skip(調査済み): 2337 2337 -> C:\Users\0000250059\Desktop\stock\property\land_value_research\data\output\2337_output.csv
00:05:49 INFO __main__: Skip(調査済み): 2338 2338 -> C:\Users\0000250059\Desktop\stock\property\land_value_research\data\output\2338_output.csv
00:05:49 INFO __main__: Skip(調査済み): 2340 2340 -> C:\Users\0000250059\Desktop\stock\property\land_value_research\data\output\2340_output.csv
00:05:49 INFO __main__: Skip(調査済み): 2341 2341 -> C:\Users\0000250059\Desktop\stock\property\land_value_research\data\output\2341_output.csv
00:05:49 INFO __main__: Skip(調査済み): 2342 2342 -> C:\Users\0000250059\Desktop\stock\property\land_value_research\data\output\2342_output.csv
00:05:49 INFO __main__: Skip(調査済み): 2344 2344 -> C:\Users\0000250059\Desktop\stock\property\land_value_research\data\output\2344_output.csv
00:05:49 INFO __main__: Skip(調査済み): 2345 2345 -> C:\Users\0000250059\Desktop\stock\property\land_value_research\data\output\2345_output.csv
00:05:49 INFO __main__: Skip(調査済み): 2349 2349 -> C:\Users\0000250059\Desktop\stock\property\land_value_research\data\output\2349_output.csv
00:05:49 INFO __main__: Skip(調査済み): 2351 2351 -> C:\Users\0000250059\Desktop\stock\property\land_value_research\data\output\2351_output.csv
00:05:49 INFO __main__: Skip(調査済み): 2353 2353 -> C:\Users\0000250059\Desktop\stock\property\land_value_research\data\output\2353_output.csv
00:05:49 INFO __main__: Skip(調査済み): 2354 2354 -> C:\Users\0000250059\Desktop\stock\property\land_value_research\data\output\2354_output.csv
00:05:49 INFO __main__: Skip(調査済み): 2359 2359 -> C:\Users\0000250059\Desktop\stock\property\land_value_research\data\output\2359_output.csv
00:05:49 INFO __main__: Skip(調査済み): 2370 2370 -> C:\Users\0000250059\Desktop\stock\property\land_value_research\data\output\2370_output.csv
00:05:49 INFO __main__: Skip(調査済み): 2371 2371 -> C:\Users\0000250059\Desktop\stock\property\land_value_research\data\output\2371_output.csv
00:05:49 INFO __main__: Skip(調査済み): 2373 2373 -> C:\Users\0000250059\Desktop\stock\property\land_value_research\data\output\2373_output.csv
00:05:49 INFO __main__: Skip(調査済み): 2374 2374 -> C:\Users\0000250059\Desktop\stock\property\land_value_research\data\output\2374_output.csv
00:05:49 INFO __main__: Skip(調査済み): 2375 2375 -> C:\Users\0000250059\Desktop\stock\property\land_value_research\data\output\2375_output.csv
00:05:49 INFO __main__: Skip(調査済み): 2376 2376 -> C:\Users\0000250059\Desktop\stock\property\land_value_research\data\output\2376_output.csv
00:05:49 INFO __main__: Skip(調査済み): 2378 2378 -> C:\Users\0000250059\Desktop\stock\property\land_value_research\data\output\2378_output.csv
00:05:49 INFO __main__: Skip(調査済み): 2379 2379 -> C:\Users\0000250059\Desktop\stock\property\land_value_research\data\output\2379_output.csv
00:05:49 INFO __main__: Skip(調査済み): 2384 2384 -> C:\Users\0000250059\Desktop\stock\property\land_value_research\data\output\2384_output.csv
00:05:49 INFO __main__: Skip(調査済み): 2385 2385 -> C:\Users\0000250059\Desktop\stock\property\land_value_research\data\output\2385_output.csv
00:05:49 INFO __main__: Skip(調査済み): 2388 2388 -> C:\Users\0000250059\Desktop\stock\property\land_value_research\data\output\2388_output.csv
00:05:49 INFO __main__: Skip(調査済み): 2389 2389 -> C:\Users\0000250059\Desktop\stock\property\land_value_research\data\output\2389_output.csv
00:05:49 INFO __main__: Skip(調査済み): 2391 2391 -> C:\Users\0000250059\Desktop\stock\property\land_value_research\data\output\2391_output.csv
00:05:49 INFO __main__: Skip(調査済み): 2393 2393 -> C:\Users\0000250059\Desktop\stock\property\land_value_research\data\output\2393_output.csv
00:05:49 INFO __main__: Skip(調査済み): 2395 2395 -> C:\Users\0000250059\Desktop\stock\property\land_value_research\data\output\2395_output.csv
00:05:49 INFO __main__: Skip(調査済み): 2404 2404 -> C:\Users\0000250059\Desktop\stock\property\land_value_research\data\output\2404_output.csv
00:05:49 INFO __main__: Skip(調査済み): 2408 2408 -> C:\Users\0000250059\Desktop\stock\property\land_value_research\data\output\2408_output.csv
00:05:49 INFO __main__: Skip(調査済み): 2410 2410 -> C:\Users\0000250059\Desktop\stock\property\land_value_research\data\output\2410_output.csv
00:05:49 INFO __main__: Skip(調査済み): 2411 2411 -> C:\Users\0000250059\Desktop\stock\property\land_value_research\data\output\2411_output.csv
00:05:49 INFO __main__: Skip(調査済み): 2413 2413 -> C:\Users\0000250059\Desktop\stock\property\land_value_research\data\output\2413_output.csv
00:05:49 INFO __main__: Skip(調査済み): 2415 2415 -> C:\Users\0000250059\Desktop\stock\property\land_value_research\data\output\2415_output.csv
00:05:49 INFO __main__: Skip(調査済み): 2418 2418 -> C:\Users\0000250059\Desktop\stock\property\land_value_research\data\output\2418_output.csv
00:05:49 INFO __main__: Skip(調査済み): 2424 2424 -> C:\Users\0000250059\Desktop\stock\property\land_value_research\data\output\2424_output.csv
00:05:49 INFO __main__: Skip(調査済み): 2425 2425 -> C:\Users\0000250059\Desktop\stock\property\land_value_research\data\output\2425_output.csv
00:05:49 INFO __main__: Skip(調査済み): 2428 2428 -> C:\Users\0000250059\Desktop\stock\property\land_value_research\data\output\2428_output.csv
00:05:49 INFO __main__: Skip(調査済み): 2429 2429 -> C:\Users\0000250059\Desktop\stock\property\land_value_research\data\output\2429_output.csv
00:05:49 INFO __main__: Skip(調査済み): 2432 2432 -> C:\Users\0000250059\Desktop\stock\property\land_value_research\data\output\2432_output.csv
00:05:49 INFO __main__: Skip(調査済み): 2433 2433 -> C:\Users\0000250059\Desktop\stock\property\land_value_research\data\output\2433_output.csv
00:05:49 INFO __main__: Skip(調査済み): 2435 2435 -> C:\Users\0000250059\Desktop\stock\property\land_value_research\data\output\2435_output.csv
00:05:49 INFO __main__: Skip(調査済み): 2436 2436 -> C:\Users\0000250059\Desktop\stock\property\land_value_research\data\output\2436_output.csv
00:05:49 INFO __main__: Skip(調査済み): 2437 2437 -> C:\Users\0000250059\Desktop\stock\property\land_value_research\data\output\2437_output.csv
00:05:49 INFO __main__: Skip(調査済み): 2438 2438 -> C:\Users\0000250059\Desktop\stock\property\land_value_research\data\output\2438_output.csv
00:05:49 INFO __main__: Skip(調査済み): 2440 2440 -> C:\Users\0000250059\Desktop\stock\property\land_value_research\data\output\2440_output.csv
00:05:49 INFO __main__: Skip(調査済み): 2445 2445 -> C:\Users\0000250059\Desktop\stock\property\land_value_research\data\output\2445_output.csv
00:05:49 INFO __main__: Skip(調査済み): 2449 2449 -> C:\Users\0000250059\Desktop\stock\property\land_value_research\data\output\2449_output.csv
00:05:49 INFO __main__: Skip(調査済み): 2454 2454 -> C:\Users\0000250059\Desktop\stock\property\land_value_research\data\output\2454_output.csv
00:05:49 INFO __main__: Skip(調査済み): 2459 2459 -> C:\Users\0000250059\Desktop\stock\property\land_value_research\data\output\2459_output.csv
00:05:49 INFO __main__: Skip(調査済み): 2461 2461 -> C:\Users\0000250059\Desktop\stock\property\land_value_research\data\output\2461_output.csv
00:05:49 INFO __main__: Skip(調査済み): 2462 2462 -> C:\Users\0000250059\Desktop\stock\property\land_value_research\data\output\2462_output.csv
00:05:49 INFO __main__: Skip(調査済み): 2464 2464 -> C:\Users\0000250059\Desktop\stock\property\land_value_research\data\output\2464_output.csv
00:05:49 INFO __main__: Skip(調査済み): 2469 2469 -> C:\Users\0000250059\Desktop\stock\property\land_value_research\data\output\2469_output.csv
00:05:49 INFO __main__: Skip(調査済み): 2471 2471 -> C:\Users\0000250059\Desktop\stock\property\land_value_research\data\output\2471_output.csv
00:05:49 INFO __main__: Skip(調査済み): 2475 2475 -> C:\Users\0000250059\Desktop\stock\property\land_value_research\data\output\2475_output.csv
00:05:49 INFO __main__: Skip(調査済み): 2477 2477 -> C:\Users\0000250059\Desktop\stock\property\land_value_research\data\output\2477_output.csv
00:05:49 INFO __main__: Skip(調査済み): 2479 2479 -> C:\Users\0000250059\Desktop\stock\property\land_value_research\data\output\2479_output.csv
00:05:49 INFO __main__: Skip(調査済み): 2480 2480 -> C:\Users\0000250059\Desktop\stock\property\land_value_research\data\output\2480_output.csv
00:05:49 INFO __main__: Skip(調査済み): 2481 2481 -> C:\Users\0000250059\Desktop\stock\property\land_value_research\data\output\2481_output.csv
00:05:49 INFO __main__: Skip(調査済み): 2483 2483 -> C:\Users\0000250059\Desktop\stock\property\land_value_research\data\output\2483_output.csv
00:05:49 INFO __main__: Skip(調査済み): 2484 2484 -> C:\Users\0000250059\Desktop\stock\property\land_value_research\data\output\2484_output.csv
00:05:49 INFO __main__: Skip(調査済み): 2485 2485 -> C:\Users\0000250059\Desktop\stock\property\land_value_research\data\output\2485_output.csv
00:05:49 INFO __main__: Skip(調査済み): 2488 2488 -> C:\Users\0000250059\Desktop\stock\property\land_value_research\data\output\2488_output.csv
00:05:49 INFO __main__: Skip(調査済み): 2489 2489 -> C:\Users\0000250059\Desktop\stock\property\land_value_research\data\output\2489_output.csv
00:05:49 INFO __main__: Skip(調査済み): 2491 2491 -> C:\Users\0000250059\Desktop\stock\property\land_value_research\data\output\2491_output.csv
00:05:49 INFO __main__: Skip(調査済み): 2492 2492 -> C:\Users\0000250059\Desktop\stock\property\land_value_research\data\output\2492_output.csv
00:05:49 INFO __main__: Skip(調査済み): 2493 2493 -> C:\Users\0000250059\Desktop\stock\property\land_value_research\data\output\2493_output.csv
00:05:49 INFO __main__: Skip(調査済み): 2497 2497 -> C:\Users\0000250059\Desktop\stock\property\land_value_research\data\output\2497_output.csv
00:05:49 INFO __main__: Skip(調査済み): 2498 2498 -> C:\Users\0000250059\Desktop\stock\property\land_value_research\data\output\2498_output.csv
00:05:49 INFO __main__: Skip(調査済み): 2499 2499 -> C:\Users\0000250059\Desktop\stock\property\land_value_research\data\output\2499_output.csv
00:05:49 INFO __main__: Skip(調査済み): 2501 2501 -> C:\Users\0000250059\Desktop\stock\property\land_value_research\data\output\2501_output.csv
00:05:49 INFO __main__: Skip(調査済み): 2502 2502 -> C:\Users\0000250059\Desktop\stock\property\land_value_research\data\output\2502_output.csv
00:05:49 INFO __main__: Skip(調査済み): 2503 2503 -> C:\Users\0000250059\Desktop\stock\property\land_value_research\data\output\2503_output.csv
00:05:49 INFO __main__: Skip(調査済み): 2531 2531 -> C:\Users\0000250059\Desktop\stock\property\land_value_research\data\output\2531_output.csv
00:05:49 INFO __main__: Skip(調査済み): 2533 2533 -> C:\Users\0000250059\Desktop\stock\property\land_value_research\data\output\2533_output.csv
00:05:49 INFO __main__: Skip(調査済み): 2540 2540 -> C:\Users\0000250059\Desktop\stock\property\land_value_research\data\output\2540_output.csv
00:05:49 INFO __main__: Skip(調査済み): 2573 2573 -> C:\Users\0000250059\Desktop\stock\property\land_value_research\data\output\2573_output.csv
00:05:49 INFO __main__: Skip(調査済み): 2579 2579 -> C:\Users\0000250059\Desktop\stock\property\land_value_research\data\output\2579_output.csv
00:05:49 INFO __main__: Skip(調査済み): 2585 2585 -> C:\Users\0000250059\Desktop\stock\property\land_value_research\data\output\2585_output.csv
00:05:49 INFO __main__: Skip(調査済み): 2586 2586 -> C:\Users\0000250059\Desktop\stock\property\land_value_research\data\output\2586_output.csv
00:05:49 INFO __main__: Skip(調査済み): 2587 2587 -> C:\Users\0000250059\Desktop\stock\property\land_value_research\data\output\2587_output.csv
00:05:49 INFO __main__: Skip(調査済み): 2588 2588 -> C:\Users\0000250059\Desktop\stock\property\land_value_research\data\output\2588_output.csv
00:05:49 INFO __main__: Skip(調査済み): 2590 2590 -> C:\Users\0000250059\Desktop\stock\property\land_value_research\data\output\2590_output.csv
00:05:49 INFO __main__: Skip(調査済み): 2593 2593 -> C:\Users\0000250059\Desktop\stock\property\land_value_research\data\output\2593_output.csv
00:05:49 INFO __main__: Skip(調査済み): 2594 2594 -> C:\Users\0000250059\Desktop\stock\property\land_value_research\data\output\2594_output.csv
00:05:49 INFO __main__: Skip(調査済み): 2597 2597 -> C:\Users\0000250059\Desktop\stock\property\land_value_research\data\output\2597_output.csv
00:05:49 INFO __main__: Skip(調査済み): 2602 2602 -> C:\Users\0000250059\Desktop\stock\property\land_value_research\data\output\2602_output.csv
00:05:49 INFO __main__: Skip(調査済み): 2607 2607 -> C:\Users\0000250059\Desktop\stock\property\land_value_research\data\output\2607_output.csv
00:05:49 INFO __main__: Skip(調査済み): 2612 2612 -> C:\Users\0000250059\Desktop\stock\property\land_value_research\data\output\2612_output.csv
00:05:49 INFO __main__: Skip(調査済み): 2613 2613 -> C:\Users\0000250059\Desktop\stock\property\land_value_research\data\output\2613_output.csv
00:05:49 INFO __main__: Skip(調査済み): 2652 2652 -> C:\Users\0000250059\Desktop\stock\property\land_value_research\data\output\2652_output.csv
00:05:49 INFO __main__: Skip(調査済み): 2653 2653 -> C:\Users\0000250059\Desktop\stock\property\land_value_research\data\output\2653_output.csv
00:05:49 INFO __main__: Skip(調査済み): 2654 2654 -> C:\Users\0000250059\Desktop\stock\property\land_value_research\data\output\2654_output.csv
00:05:49 INFO __main__: Skip(調査済み): 2656 2656 -> C:\Users\0000250059\Desktop\stock\property\land_value_research\data\output\2656_output.csv
00:05:49 INFO __main__: Skip(調査済み): 2659 2659 -> C:\Users\0000250059\Desktop\stock\property\land_value_research\data\output\2659_output.csv
00:05:49 INFO __main__: Skip(調査済み): 2664 2664 -> C:\Users\0000250059\Desktop\stock\property\land_value_research\data\output\2664_output.csv
00:05:49 INFO __main__: Skip(調査済み): 2666 2666 -> C:\Users\0000250059\Desktop\stock\property\land_value_research\data\output\2666_output.csv
00:05:49 INFO __main__: Skip(調査済み): 2667 2667 -> C:\Users\0000250059\Desktop\stock\property\land_value_research\data\output\2667_output.csv
00:05:49 INFO __main__: Skip(調査済み): 2668 2668 -> C:\Users\0000250059\Desktop\stock\property\land_value_research\data\output\2668_output.csv
00:05:49 INFO __main__: Skip(調査済み): 2669 2669 -> C:\Users\0000250059\Desktop\stock\property\land_value_research\data\output\2669_output.csv
00:05:49 INFO __main__: Skip(調査済み): 2670 2670 -> C:\Users\0000250059\Desktop\stock\property\land_value_research\data\output\2670_output.csv
00:05:49 INFO __main__: Skip(調査済み): 2673 2673 -> C:\Users\0000250059\Desktop\stock\property\land_value_research\data\output\2673_output.csv
00:05:49 INFO __main__: Skip(調査済み): 2674 2674 -> C:\Users\0000250059\Desktop\stock\property\land_value_research\data\output\2674_output.csv
00:05:49 INFO __main__: Skip(調査済み): 2676 2676 -> C:\Users\0000250059\Desktop\stock\property\land_value_research\data\output\2676_output.csv
00:05:49 INFO __main__: Skip(調査済み): 2678 2678 -> C:\Users\0000250059\Desktop\stock\property\land_value_research\data\output\2678_output.csv
00:05:49 INFO __main__: Skip(調査済み): 2681 2681 -> C:\Users\0000250059\Desktop\stock\property\land_value_research\data\output\2681_output.csv
00:05:49 INFO __main__: Skip(調査済み): 2683 2683 -> C:\Users\0000250059\Desktop\stock\property\land_value_research\data\output\2683_output.csv
00:05:49 INFO __main__: Skip(調査済み): 2685 2685 -> C:\Users\0000250059\Desktop\stock\property\land_value_research\data\output\2685_output.csv
00:05:49 INFO __main__: Skip(調査済み): 2686 2686 -> C:\Users\0000250059\Desktop\stock\property\land_value_research\data\output\2686_output.csv
00:05:49 INFO __main__: Skip(調査済み): 2687 2687 -> C:\Users\0000250059\Desktop\stock\property\land_value_research\data\output\2687_output.csv
00:05:49 INFO __main__: Skip(調査済み): 2689 2689 -> C:\Users\0000250059\Desktop\stock\property\land_value_research\data\output\2689_output.csv
00:05:49 INFO __main__: Skip(調査済み): 2692 2692 -> C:\Users\0000250059\Desktop\stock\property\land_value_research\data\output\2692_output.csv
00:05:49 INFO __main__: Skip(調査済み): 2693 2693 -> C:\Users\0000250059\Desktop\stock\property\land_value_research\data\output\2693_output.csv
00:05:49 INFO __main__: Skip(調査済み): 2694 2694 -> C:\Users\0000250059\Desktop\stock\property\land_value_research\data\output\2694_output.csv
00:05:49 INFO __main__: Skip(調査済み): 2695 2695 -> C:\Users\0000250059\Desktop\stock\property\land_value_research\data\output\2695_output.csv
00:05:49 INFO __main__: Skip(調査済み): 2698 2698 -> C:\Users\0000250059\Desktop\stock\property\land_value_research\data\output\2698_output.csv
00:05:49 INFO __main__: Skip(調査済み): 2700 2700 -> C:\Users\0000250059\Desktop\stock\property\land_value_research\data\output\2700_output.csv
00:05:49 INFO __main__: Skip(調査済み): 2702 2702 -> C:\Users\0000250059\Desktop\stock\property\land_value_research\data\output\2702_output.csv
00:05:49 INFO __main__: Skip(調査済み): 2705 2705 -> C:\Users\0000250059\Desktop\stock\property\land_value_research\data\output\2705_output.csv
00:05:49 INFO __main__: Skip(調査済み): 2708 2708 -> C:\Users\0000250059\Desktop\stock\property\land_value_research\data\output\2708_output.csv
00:05:49 INFO __main__: Skip(調査済み): 2721 2721 -> C:\Users\0000250059\Desktop\stock\property\land_value_research\data\output\2721_output.csv
00:05:49 INFO __main__: Skip(調査済み): 2722 2722 -> C:\Users\0000250059\Desktop\stock\property\land_value_research\data\output\2722_output.csv
00:05:49 INFO __main__: Skip(調査済み): 2726 2726 -> C:\Users\0000250059\Desktop\stock\property\land_value_research\data\output\2726_output.csv
00:05:49 INFO __main__: Skip(調査済み): 2730 2730 -> C:\Users\0000250059\Desktop\stock\property\land_value_research\data\output\2730_output.csv
00:05:49 INFO __main__: Skip(調査済み): 2733 2733 -> C:\Users\0000250059\Desktop\stock\property\land_value_research\data\output\2733_output.csv
00:05:49 INFO __main__: Skip(調査済み): 2734 2734 -> C:\Users\0000250059\Desktop\stock\property\land_value_research\data\output\2734_output.csv
00:05:49 INFO __main__: Skip(調査済み): 2735 2735 -> C:\Users\0000250059\Desktop\stock\property\land_value_research\data\output\2735_output.csv
00:05:49 INFO __main__: Skip(調査済み): 2736 2736 -> C:\Users\0000250059\Desktop\stock\property\land_value_research\data\output\2736_output.csv
00:05:49 INFO __main__: Skip(調査済み): 2737 2737 -> C:\Users\0000250059\Desktop\stock\property\land_value_research\data\output\2737_output.csv
00:05:49 INFO __main__: Skip(調査済み): 2742 2742 -> C:\Users\0000250059\Desktop\stock\property\land_value_research\data\output\2742_output.csv
00:05:49 INFO __main__: Skip(調査済み): 2747 2747 -> C:\Users\0000250059\Desktop\stock\property\land_value_research\data\output\2747_output.csv
00:05:49 INFO __main__: Skip(調査済み): 2749 2749 -> C:\Users\0000250059\Desktop\stock\property\land_value_research\data\output\2749_output.csv
00:05:49 INFO __main__: Skip(調査済み): 2750 2750 -> C:\Users\0000250059\Desktop\stock\property\land_value_research\data\output\2750_output.csv
00:05:49 INFO __main__: Skip(調査済み): 2751 2751 -> C:\Users\0000250059\Desktop\stock\property\land_value_research\data\output\2751_output.csv
00:05:49 INFO __main__: Skip(調査済み): 2752 2752 -> C:\Users\0000250059\Desktop\stock\property\land_value_research\data\output\2752_output.csv
00:05:49 INFO __main__: Skip(調査済み): 2753 2753 -> C:\Users\0000250059\Desktop\stock\property\land_value_research\data\output\2753_output.csv
00:05:49 INFO __main__: Skip(調査済み): 2760 2760 -> C:\Users\0000250059\Desktop\stock\property\land_value_research\data\output\2760_output.csv
00:05:49 INFO __main__: Skip(調査済み): 2762 2762 -> C:\Users\0000250059\Desktop\stock\property\land_value_research\data\output\2762_output.csv
00:05:49 INFO __main__: Skip(調査済み): 2763 2763 -> C:\Users\0000250059\Desktop\stock\property\land_value_research\data\output\2763_output.csv
00:05:49 INFO __main__: Skip(調査済み): 2764 2764 -> C:\Users\0000250059\Desktop\stock\property\land_value_research\data\output\2764_output.csv
00:05:49 INFO __main__: Skip(調査済み): 2767 2767 -> C:\Users\0000250059\Desktop\stock\property\land_value_research\data\output\2767_output.csv
00:05:49 INFO __main__: Skip(調査済み): 2768 2768 -> C:\Users\0000250059\Desktop\stock\property\land_value_research\data\output\2768_output.csv
00:05:49 INFO __main__: Skip(調査済み): 2769 2769 -> C:\Users\0000250059\Desktop\stock\property\land_value_research\data\output\2769_output.csv
00:05:49 INFO __main__: Skip(調査済み): 2776 2776 -> C:\Users\0000250059\Desktop\stock\property\land_value_research\data\output\2776_output.csv
00:05:49 INFO __main__: Skip(調査済み): 2778 2778 -> C:\Users\0000250059\Desktop\stock\property\land_value_research\data\output\2778_output.csv
00:05:49 INFO __main__: Skip(調査済み): 2780 2780 -> C:\Users\0000250059\Desktop\stock\property\land_value_research\data\output\2780_output.csv
00:05:49 INFO __main__: Skip(調査済み): 2782 2782 -> C:\Users\0000250059\Desktop\stock\property\land_value_research\data\output\2782_output.csv
00:05:49 INFO __main__: Skip(調査済み): 2784 2784 -> C:\Users\0000250059\Desktop\stock\property\land_value_research\data\output\2784_output.csv
00:05:49 INFO __main__: Skip(調査済み): 2788 2788 -> C:\Users\0000250059\Desktop\stock\property\land_value_research\data\output\2788_output.csv
00:05:49 INFO __main__: Skip(調査済み): 2789 2789 -> C:\Users\0000250059\Desktop\stock\property\land_value_research\data\output\2789_output.csv
00:05:49 INFO __main__: Skip(調査済み): 2790 2790 -> C:\Users\0000250059\Desktop\stock\property\land_value_research\data\output\2790_output.csv
00:05:49 INFO __main__: Skip(調査済み): 2791 2791 -> C:\Users\0000250059\Desktop\stock\property\land_value_research\data\output\2791_output.csv
00:05:49 INFO __main__: Skip(調査済み): 2792 2792 -> C:\Users\0000250059\Desktop\stock\property\land_value_research\data\output\2792_output.csv
00:05:49 INFO __main__: Skip(調査済み): 2795 2795 -> C:\Users\0000250059\Desktop\stock\property\land_value_research\data\output\2795_output.csv
00:05:49 INFO __main__: Skip(調査済み): 2796 2796 -> C:\Users\0000250059\Desktop\stock\property\land_value_research\data\output\2796_output.csv
00:05:49 INFO __main__: Skip(調査済み): 2801 2801 -> C:\Users\0000250059\Desktop\stock\property\land_value_research\data\output\2801_output.csv
00:05:49 INFO __main__: Skip(調査済み): 2802 2802 -> C:\Users\0000250059\Desktop\stock\property\land_value_research\data\output\2802_output.csv
00:05:49 INFO __main__: Skip(調査済み): 2804 ブルドックソース -> C:\Users\0000250059\Desktop\stock\property\land_value_research\data\output\2804_output.csv
00:05:49 INFO __main__: Skip(調査済み): 2805 2805 -> C:\Users\0000250059\Desktop\stock\property\land_value_research\data\output\2805_output.csv
00:05:49 INFO __main__: Skip(調査済み): 2806 ユタカフーズ -> C:\Users\0000250059\Desktop\stock\property\land_value_research\data\output\2806_output.csv
00:05:49 INFO __main__: Skip(調査済み): 2809 2809 -> C:\Users\0000250059\Desktop\stock\property\land_value_research\data\output\2809_output.csv
00:05:49 INFO __main__: Skip(調査済み): 2810 ハウス食品G -> C:\Users\0000250059\Desktop\stock\property\land_value_research\data\output\2810_output.csv
00:05:49 INFO __main__: Skip(調査済み): 2811 2811 -> C:\Users\0000250059\Desktop\stock\property\land_value_research\data\output\2811_output.csv
00:05:49 INFO __main__: Skip(調査済み): 2813 2813 -> C:\Users\0000250059\Desktop\stock\property\land_value_research\data\output\2813_output.csv
00:05:49 INFO __main__: Skip(調査済み): 2814 2814 -> C:\Users\0000250059\Desktop\stock\property\land_value_research\data\output\2814_output.csv
00:05:49 INFO __main__: Skip(調査済み): 2815 2815 -> C:\Users\0000250059\Desktop\stock\property\land_value_research\data\output\2815_output.csv
00:05:49 INFO __main__: Skip(調査済み): 2816 2816 -> C:\Users\0000250059\Desktop\stock\property\land_value_research\data\output\2816_output.csv
00:05:49 INFO __main__: Skip(調査済み): 2818 2818 -> C:\Users\0000250059\Desktop\stock\property\land_value_research\data\output\2818_output.csv
00:05:49 INFO __main__: Skip(調査済み): 2819 2819 -> C:\Users\0000250059\Desktop\stock\property\land_value_research\data\output\2819_output.csv
00:05:49 INFO __main__: Skip(調査済み): 2820 2820 -> C:\Users\0000250059\Desktop\stock\property\land_value_research\data\output\2820_output.csv
00:05:49 INFO __main__: Skip(調査済み): 2831 はごろもフーズ -> C:\Users\0000250059\Desktop\stock\property\land_value_research\data\output\2831_output.csv
00:05:49 INFO __main__: Skip(調査済み): 2871 2871 -> C:\Users\0000250059\Desktop\stock\property\land_value_research\data\output\2871_output.csv
00:05:49 INFO __main__: Skip(調査済み): 2872 2872 -> C:\Users\0000250059\Desktop\stock\property\land_value_research\data\output\2872_output.csv
00:05:49 INFO __main__: Skip(調査済み): 2874 2874 -> C:\Users\0000250059\Desktop\stock\property\land_value_research\data\output\2874_output.csv
00:05:49 INFO __main__: Skip(調査済み): 2875 2875 -> C:\Users\0000250059\Desktop\stock\property\land_value_research\data\output\2875_output.csv
00:05:49 INFO __main__: Skip(調査済み): 2876 2876 -> C:\Users\0000250059\Desktop\stock\property\land_value_research\data\output\2876_output.csv
00:05:49 INFO __main__: Skip(調査済み): 2877 2877 -> C:\Users\0000250059\Desktop\stock\property\land_value_research\data\output\2877_output.csv
00:05:49 INFO __main__: Skip(調査済み): 2882 2882 -> C:\Users\0000250059\Desktop\stock\property\land_value_research\data\output\2882_output.csv
00:05:49 INFO __main__: Skip(調査済み): 2883 2883 -> C:\Users\0000250059\Desktop\stock\property\land_value_research\data\output\2883_output.csv
00:05:49 INFO __main__: Skip(調査済み): 2884 2884 -> C:\Users\0000250059\Desktop\stock\property\land_value_research\data\output\2884_output.csv
00:05:49 INFO __main__: Skip(調査済み): 2892 日本食品化工 -> C:\Users\0000250059\Desktop\stock\property\land_value_research\data\output\2892_output.csv
00:05:49 INFO __main__: Skip(調査済み): 2894 2894 -> C:\Users\0000250059\Desktop\stock\property\land_value_research\data\output\2894_output.csv
00:05:49 INFO __main__: Skip(調査済み): 2897 2897 -> C:\Users\0000250059\Desktop\stock\property\land_value_research\data\output\2897_output.csv
00:05:49 INFO __main__: Skip(調査済み): 2901 2901 -> C:\Users\0000250059\Desktop\stock\property\land_value_research\data\output\2901_output.csv
00:05:49 INFO __main__: Skip(調査済み): 2903 2903 -> C:\Users\0000250059\Desktop\stock\property\land_value_research\data\output\2903_output.csv
00:05:49 INFO __main__: Skip(調査済み): 2904 2904 -> C:\Users\0000250059\Desktop\stock\property\land_value_research\data\output\2904_output.csv
00:05:49 INFO __main__: Skip(調査済み): 2907 2907 -> C:\Users\0000250059\Desktop\stock\property\land_value_research\data\output\2907_output.csv
00:05:49 INFO __main__: Skip(調査済み): 2908 2908 -> C:\Users\0000250059\Desktop\stock\property\land_value_research\data\output\2908_output.csv
00:05:49 INFO __main__: Skip(調査済み): 2910 2910 -> C:\Users\0000250059\Desktop\stock\property\land_value_research\data\output\2910_output.csv
00:05:49 INFO __main__: Skip(調査済み): 2911 2911 -> C:\Users\0000250059\Desktop\stock\property\land_value_research\data\output\2911_output.csv
00:05:49 INFO __main__: Skip(調査済み): 2914 2914 -> C:\Users\0000250059\Desktop\stock\property\land_value_research\data\output\2914_output.csv
00:05:49 INFO __main__: Skip(調査済み): 2915 2915 -> C:\Users\0000250059\Desktop\stock\property\land_value_research\data\output\2915_output.csv
00:05:49 INFO __main__: Skip(調査済み): 2916 仙波糖化工業 -> C:\Users\0000250059\Desktop\stock\property\land_value_research\data\output\2916_output.csv
00:05:49 INFO __main__: Skip(調査済み): 2917 2917 -> C:\Users\0000250059\Desktop\stock\property\land_value_research\data\output\2917_output.csv
00:05:49 INFO __main__: Skip(調査済み): 2918 2918 -> C:\Users\0000250059\Desktop\stock\property\land_value_research\data\output\2918_output.csv
00:05:49 INFO __main__: Skip(調査済み): 2922 なとり -> C:\Users\0000250059\Desktop\stock\property\land_value_research\data\output\2922_output.csv
00:05:49 INFO __main__: Skip(調査済み): 2923 2923 -> C:\Users\0000250059\Desktop\stock\property\land_value_research\data\output\2923_output.csv
00:05:49 INFO __main__: Skip(調査済み): 2924 2924 -> C:\Users\0000250059\Desktop\stock\property\land_value_research\data\output\2924_output.csv
00:05:49 INFO __main__: Skip(調査済み): 2926 2926 -> C:\Users\0000250059\Desktop\stock\property\land_value_research\data\output\2926_output.csv
00:05:49 INFO __main__: Skip(調査済み): 2927 2927 -> C:\Users\0000250059\Desktop\stock\property\land_value_research\data\output\2927_output.csv
00:05:49 INFO __main__: Skip(調査済み): 2929 2929 -> C:\Users\0000250059\Desktop\stock\property\land_value_research\data\output\2929_output.csv
00:05:49 INFO __main__: Skip(調査済み): 2930 2930 -> C:\Users\0000250059\Desktop\stock\property\land_value_research\data\output\2930_output.csv
00:05:49 INFO __main__: Skip(調査済み): 2931 2931 -> C:\Users\0000250059\Desktop\stock\property\land_value_research\data\output\2931_output.csv
00:05:49 INFO __main__: Skip(調査済み): 2932 2932 -> C:\Users\0000250059\Desktop\stock\property\land_value_research\data\output\2932_output.csv
00:05:49 INFO __main__: Skip(調査済み): 2933 2933 -> C:\Users\0000250059\Desktop\stock\property\land_value_research\data\output\2933_output.csv
00:05:49 INFO __main__: Skip(調査済み): 2934 2934 -> C:\Users\0000250059\Desktop\stock\property\land_value_research\data\output\2934_output.csv
00:05:49 INFO __main__: Skip(調査済み): 2935 2935 -> C:\Users\0000250059\Desktop\stock\property\land_value_research\data\output\2935_output.csv
00:05:49 INFO __main__: Skip(調査済み): 2936 2936 -> C:\Users\0000250059\Desktop\stock\property\land_value_research\data\output\2936_output.csv
00:05:49 INFO __main__: Skip(調査済み): 2937 2937 -> C:\Users\0000250059\Desktop\stock\property\land_value_research\data\output\2937_output.csv
00:05:49 INFO __main__: Skip(調査済み): 2938 2938 -> C:\Users\0000250059\Desktop\stock\property\land_value_research\data\output\2938_output.csv
00:05:49 INFO __main__: Skip(調査済み): 2961 日本調理機 -> C:\Users\0000250059\Desktop\stock\property\land_value_research\data\output\2961_output.csv
00:05:49 INFO __main__: Skip(調査済み): 2962 2962 -> C:\Users\0000250059\Desktop\stock\property\land_value_research\data\output\2962_output.csv
00:05:49 INFO __main__: Skip(調査済み): 2970 2970 -> C:\Users\0000250059\Desktop\stock\property\land_value_research\data\output\2970_output.csv
00:05:49 INFO __main__: Skip(調査済み): 2975 2975 -> C:\Users\0000250059\Desktop\stock\property\land_value_research\data\output\2975_output.csv
00:05:49 INFO __main__: Skip(調査済み): 2978 2978 -> C:\Users\0000250059\Desktop\stock\property\land_value_research\data\output\2978_output.csv
00:05:49 INFO __main__: Skip(調査済み): 2980 2980 -> C:\Users\0000250059\Desktop\stock\property\land_value_research\data\output\2980_output.csv
00:05:49 INFO __main__: Skip(調査済み): 2981 2981 -> C:\Users\0000250059\Desktop\stock\property\land_value_research\data\output\2981_output.csv
00:05:49 INFO __main__: Skip(調査済み): 2982 2982 -> C:\Users\0000250059\Desktop\stock\property\land_value_research\data\output\2982_output.csv
00:05:49 INFO __main__: Skip(調査済み): 2983 2983 -> C:\Users\0000250059\Desktop\stock\property\land_value_research\data\output\2983_output.csv
00:05:49 INFO __main__: Skip(調査済み): 2984 2984 -> C:\Users\0000250059\Desktop\stock\property\land_value_research\data\output\2984_output.csv
00:05:49 INFO __main__: Skip(調査済み): 2986 2986 -> C:\Users\0000250059\Desktop\stock\property\land_value_research\data\output\2986_output.csv
00:05:49 INFO __main__: Skip(調査済み): 2991 2991 -> C:\Users\0000250059\Desktop\stock\property\land_value_research\data\output\2991_output.csv
00:05:49 INFO __main__: Skip(調査済み): 2993 2993 -> C:\Users\0000250059\Desktop\stock\property\land_value_research\data\output\2993_output.csv
00:05:49 INFO __main__: Skip(調査済み): 2997 2997 -> C:\Users\0000250059\Desktop\stock\property\land_value_research\data\output\2997_output.csv
00:05:49 INFO __main__: Skip(調査済み): 2998 2998 -> C:\Users\0000250059\Desktop\stock\property\land_value_research\data\output\2998_output.csv
00:05:49 INFO __main__: Skip(調査済み): 2999 2999 -> C:\Users\0000250059\Desktop\stock\property\land_value_research\data\output\2999_output.csv
00:05:49 INFO __main__: Skip(調査済み): 3001 片倉工業 -> C:\Users\0000250059\Desktop\stock\property\land_value_research\data\output\3001_output.csv
00:05:49 INFO __main__: Skip(調査済み): 3002 3002 -> C:\Users\0000250059\Desktop\stock\property\land_value_research\data\output\3002_output.csv
00:05:49 INFO __main__: Skip(調査済み): 3003 3003 -> C:\Users\0000250059\Desktop\stock\property\land_value_research\data\output\3003_output.csv
00:05:49 INFO __main__: Skip(調査済み): 3004 3004 -> C:\Users\0000250059\Desktop\stock\property\land_value_research\data\output\3004_output.csv
00:05:49 INFO __main__: Skip(調査済み): 3010 3010 -> C:\Users\0000250059\Desktop\stock\property\land_value_research\data\output\3010_output.csv
00:05:49 INFO __main__: Skip(調査済み): 3011 3011 -> C:\Users\0000250059\Desktop\stock\property\land_value_research\data\output\3011_output.csv
00:05:49 INFO __main__: Skip(調査済み): 3020 3020 -> C:\Users\0000250059\Desktop\stock\property\land_value_research\data\output\3020_output.csv
00:05:49 INFO __main__: Skip(調査済み): 3023 3023 -> C:\Users\0000250059\Desktop\stock\property\land_value_research\data\output\3023_output.csv
00:05:49 INFO __main__: Skip(調査済み): 3024 3024 -> C:\Users\0000250059\Desktop\stock\property\land_value_research\data\output\3024_output.csv
00:05:49 INFO __main__: Skip(調査済み): 3028 3028 -> C:\Users\0000250059\Desktop\stock\property\land_value_research\data\output\3028_output.csv
00:05:49 INFO __main__: Skip(調査済み): 3030 3030 -> C:\Users\0000250059\Desktop\stock\property\land_value_research\data\output\3030_output.csv
00:05:49 INFO __main__: Skip(調査済み): 3031 3031 -> C:\Users\0000250059\Desktop\stock\property\land_value_research\data\output\3031_output.csv
00:05:49 INFO __main__: Skip(調査済み): 3034 3034 -> C:\Users\0000250059\Desktop\stock\property\land_value_research\data\output\3034_output.csv
00:05:49 INFO __main__: Skip(調査済み): 3035 3035 -> C:\Users\0000250059\Desktop\stock\property\land_value_research\data\output\3035_output.csv
00:05:49 INFO __main__: Skip(調査済み): 3036 3036 -> C:\Users\0000250059\Desktop\stock\property\land_value_research\data\output\3036_output.csv
00:05:49 INFO __main__: Skip(調査済み): 3038 3038 -> C:\Users\0000250059\Desktop\stock\property\land_value_research\data\output\3038_output.csv
00:05:49 INFO __main__: Skip(調査済み): 3040 3040 -> C:\Users\0000250059\Desktop\stock\property\land_value_research\data\output\3040_output.csv
00:05:49 INFO __main__: Skip(調査済み): 3041 3041 -> C:\Users\0000250059\Desktop\stock\property\land_value_research\data\output\3041_output.csv
00:05:49 INFO __main__: Skip(調査済み): 3042 3042 -> C:\Users\0000250059\Desktop\stock\property\land_value_research\data\output\3042_output.csv
00:05:49 INFO __main__: Skip(調査済み): 3045 3045 -> C:\Users\0000250059\Desktop\stock\property\land_value_research\data\output\3045_output.csv
00:05:49 INFO __main__: Skip(調査済み): 3046 3046 -> C:\Users\0000250059\Desktop\stock\property\land_value_research\data\output\3046_output.csv
00:05:49 INFO __main__: Skip(調査済み): 3048 3048 -> C:\Users\0000250059\Desktop\stock\property\land_value_research\data\output\3048_output.csv
00:05:49 INFO __main__: Skip(調査済み): 3050 3050 -> C:\Users\0000250059\Desktop\stock\property\land_value_research\data\output\3050_output.csv
00:05:49 INFO __main__: Skip(調査済み): 3053 3053 -> C:\Users\0000250059\Desktop\stock\property\land_value_research\data\output\3053_output.csv
00:05:49 INFO __main__: Skip(調査済み): 3054 3054 -> C:\Users\0000250059\Desktop\stock\property\land_value_research\data\output\3054_output.csv
00:05:49 INFO __main__: Skip(調査済み): 3058 3058 -> C:\Users\0000250059\Desktop\stock\property\land_value_research\data\output\3058_output.csv
00:05:49 INFO __main__: Skip(調査済み): 3059 3059 -> C:\Users\0000250059\Desktop\stock\property\land_value_research\data\output\3059_output.csv
00:05:49 INFO __main__: Skip(調査済み): 3063 3063 -> C:\Users\0000250059\Desktop\stock\property\land_value_research\data\output\3063_output.csv
00:05:49 INFO __main__: Skip(調査済み): 3064 3064 -> C:\Users\0000250059\Desktop\stock\property\land_value_research\data\output\3064_output.csv
00:05:49 INFO __main__: Skip(調査済み): 3065 3065 -> C:\Users\0000250059\Desktop\stock\property\land_value_research\data\output\3065_output.csv
00:05:49 INFO __main__: Skip(調査済み): 3067 3067 -> C:\Users\0000250059\Desktop\stock\property\land_value_research\data\output\3067_output.csv
00:05:49 INFO __main__: Skip(調査済み): 3068 3068 -> C:\Users\0000250059\Desktop\stock\property\land_value_research\data\output\3068_output.csv
00:05:49 INFO __main__: Skip(調査済み): 3069 3069 -> C:\Users\0000250059\Desktop\stock\property\land_value_research\data\output\3069_output.csv
00:05:49 INFO __main__: Skip(調査済み): 3070 3070 -> C:\Users\0000250059\Desktop\stock\property\land_value_research\data\output\3070_output.csv
00:05:49 INFO __main__: Skip(調査済み): 3071 3071 -> C:\Users\0000250059\Desktop\stock\property\land_value_research\data\output\3071_output.csv
00:05:49 INFO __main__: Skip(調査済み): 3075 3075 -> C:\Users\0000250059\Desktop\stock\property\land_value_research\data\output\3075_output.csv
00:05:49 INFO __main__: Skip(調査済み): 3076 3076 -> C:\Users\0000250059\Desktop\stock\property\land_value_research\data\output\3076_output.csv
00:05:49 INFO __main__: Skip(調査済み): 3077 3077 -> C:\Users\0000250059\Desktop\stock\property\land_value_research\data\output\3077_output.csv
00:05:49 INFO __main__: Skip(調査済み): 3079 3079 -> C:\Users\0000250059\Desktop\stock\property\land_value_research\data\output\3079_output.csv
00:05:49 INFO __main__: Skip(調査済み): 3080 3080 -> C:\Users\0000250059\Desktop\stock\property\land_value_research\data\output\3080_output.csv
00:05:49 INFO __main__: Skip(調査済み): 3083 3083 -> C:\Users\0000250059\Desktop\stock\property\land_value_research\data\output\3083_output.csv
00:05:49 INFO __main__: Skip(調査済み): 3086 3086 -> C:\Users\0000250059\Desktop\stock\property\land_value_research\data\output\3086_output.csv
00:05:49 INFO __main__: Skip(調査済み): 3087 3087 -> C:\Users\0000250059\Desktop\stock\property\land_value_research\data\output\3087_output.csv
00:05:49 INFO __main__: Skip(調査済み): 3088 3088 -> C:\Users\0000250059\Desktop\stock\property\land_value_research\data\output\3088_output.csv
00:05:49 INFO __main__: Skip(調査済み): 3089 3089 -> C:\Users\0000250059\Desktop\stock\property\land_value_research\data\output\3089_output.csv
00:05:49 INFO __main__: Skip(調査済み): 3091 3091 -> C:\Users\0000250059\Desktop\stock\property\land_value_research\data\output\3091_output.csv
00:05:49 INFO __main__: Skip(調査済み): 3092 3092 -> C:\Users\0000250059\Desktop\stock\property\land_value_research\data\output\3092_output.csv
00:05:49 INFO __main__: Skip(調査済み): 3093 3093 -> C:\Users\0000250059\Desktop\stock\property\land_value_research\data\output\3093_output.csv
00:05:49 INFO __main__: Skip(調査済み): 3096 3096 -> C:\Users\0000250059\Desktop\stock\property\land_value_research\data\output\3096_output.csv
00:05:49 INFO __main__: Skip(調査済み): 3097 3097 -> C:\Users\0000250059\Desktop\stock\property\land_value_research\data\output\3097_output.csv
00:05:49 INFO __main__: Skip(調査済み): 3099 3099 -> C:\Users\0000250059\Desktop\stock\property\land_value_research\data\output\3099_output.csv
00:05:49 INFO __main__: Skip(調査済み): 3101 3101 -> C:\Users\0000250059\Desktop\stock\property\land_value_research\data\output\3101_output.csv
00:05:49 INFO __main__: Skip(調査済み): 3103 3103 -> C:\Users\0000250059\Desktop\stock\property\land_value_research\data\output\3103_output.csv
00:05:49 INFO __main__: Skip(調査済み): 3104 3104 -> C:\Users\0000250059\Desktop\stock\property\land_value_research\data\output\3104_output.csv
00:05:49 INFO __main__: Skip(調査済み): 3105 3105 -> C:\Users\0000250059\Desktop\stock\property\land_value_research\data\output\3105_output.csv
00:05:49 INFO __main__: Skip(調査済み): 3106 3106 -> C:\Users\0000250059\Desktop\stock\property\land_value_research\data\output\3106_output.csv
00:05:49 INFO __main__: Skip(調査済み): 3107 3107 -> C:\Users\0000250059\Desktop\stock\property\land_value_research\data\output\3107_output.csv
00:05:49 INFO __main__: Skip(調査済み): 3109 3109 -> C:\Users\0000250059\Desktop\stock\property\land_value_research\data\output\3109_output.csv
00:05:49 INFO __main__: Skip(調査済み): 3110 3110 -> C:\Users\0000250059\Desktop\stock\property\land_value_research\data\output\3110_output.csv
00:05:49 INFO __main__: Skip(調査済み): 3111 3111 -> C:\Users\0000250059\Desktop\stock\property\land_value_research\data\output\3111_output.csv
00:05:49 INFO __main__: Skip(調査済み): 3113 3113 -> C:\Users\0000250059\Desktop\stock\property\land_value_research\data\output\3113_output.csv
00:05:49 INFO __main__: Skip(調査済み): 3116 3116 -> C:\Users\0000250059\Desktop\stock\property\land_value_research\data\output\3116_output.csv
00:05:49 INFO __main__: Skip(調査済み): 3121 3121 -> C:\Users\0000250059\Desktop\stock\property\land_value_research\data\output\3121_output.csv
00:05:49 INFO __main__: Skip(調査済み): 3123 3123 -> C:\Users\0000250059\Desktop\stock\property\land_value_research\data\output\3123_output.csv
00:05:49 INFO __main__: Skip(調査済み): 3131 3131 -> C:\Users\0000250059\Desktop\stock\property\land_value_research\data\output\3131_output.csv
00:05:49 INFO __main__: Skip(調査済み): 3132 3132 -> C:\Users\0000250059\Desktop\stock\property\land_value_research\data\output\3132_output.csv
00:05:49 INFO __main__: Skip(調査済み): 3133 3133 -> C:\Users\0000250059\Desktop\stock\property\land_value_research\data\output\3133_output.csv
00:05:49 INFO __main__: Skip(調査済み): 3134 3134 -> C:\Users\0000250059\Desktop\stock\property\land_value_research\data\output\3134_output.csv
00:05:49 INFO __main__: Skip(調査済み): 3135 3135 -> C:\Users\0000250059\Desktop\stock\property\land_value_research\data\output\3135_output.csv
00:05:49 INFO __main__: Skip(調査済み): 3137 3137 -> C:\Users\0000250059\Desktop\stock\property\land_value_research\data\output\3137_output.csv
00:05:49 INFO __main__: Skip(調査済み): 3138 3138 -> C:\Users\0000250059\Desktop\stock\property\land_value_research\data\output\3138_output.csv
00:05:49 INFO __main__: Skip(調査済み): 3139 3139 -> C:\Users\0000250059\Desktop\stock\property\land_value_research\data\output\3139_output.csv
00:05:49 INFO __main__: Skip(調査済み): 3140 3140 -> C:\Users\0000250059\Desktop\stock\property\land_value_research\data\output\3140_output.csv
00:05:49 INFO __main__: Skip(調査済み): 3143 3143 -> C:\Users\0000250059\Desktop\stock\property\land_value_research\data\output\3143_output.csv
00:05:49 INFO __main__: Skip(調査済み): 3148 3148 -> C:\Users\0000250059\Desktop\stock\property\land_value_research\data\output\3148_output.csv
00:05:49 INFO __main__: Skip(調査済み): 3150 3150 -> C:\Users\0000250059\Desktop\stock\property\land_value_research\data\output\3150_output.csv
00:05:49 INFO __main__: Skip(調査済み): 3151 3151 -> C:\Users\0000250059\Desktop\stock\property\land_value_research\data\output\3151_output.csv
00:05:49 INFO __main__: Skip(調査済み): 3153 3153 -> C:\Users\0000250059\Desktop\stock\property\land_value_research\data\output\3153_output.csv
00:05:49 INFO __main__: Skip(調査済み): 3154 3154 -> C:\Users\0000250059\Desktop\stock\property\land_value_research\data\output\3154_output.csv
00:05:49 INFO __main__: Skip(調査済み): 3156 3156 -> C:\Users\0000250059\Desktop\stock\property\land_value_research\data\output\3156_output.csv
00:05:49 INFO __main__: Skip(調査済み): 3157 3157 -> C:\Users\0000250059\Desktop\stock\property\land_value_research\data\output\3157_output.csv
00:05:49 INFO __main__: Skip(調査済み): 3159 3159 -> C:\Users\0000250059\Desktop\stock\property\land_value_research\data\output\3159_output.csv
00:05:49 INFO __main__: Skip(調査済み): 3160 3160 -> C:\Users\0000250059\Desktop\stock\property\land_value_research\data\output\3160_output.csv
00:05:49 INFO __main__: Skip(調査済み): 3161 アゼアス -> C:\Users\0000250059\Desktop\stock\property\land_value_research\data\output\3161_output.csv
00:05:49 INFO __main__: Skip(調査済み): 3166 3166 -> C:\Users\0000250059\Desktop\stock\property\land_value_research\data\output\3166_output.csv
00:05:49 INFO __main__: Skip(調査済み): 3167 3167 -> C:\Users\0000250059\Desktop\stock\property\land_value_research\data\output\3167_output.csv
00:05:49 INFO __main__: Skip(調査済み): 3176 三洋貿易 -> C:\Users\0000250059\Desktop\stock\property\land_value_research\data\output\3176_output.csv
00:05:49 INFO __main__: Skip(調査済み): 3355 クリヤマ HD -> C:\Users\0000250059\Desktop\stock\property\land_value_research\data\output\3355_output.csv
00:05:49 INFO __main__: Skip(調査済み): 3405 クラレ -> C:\Users\0000250059\Desktop\stock\property\land_value_research\data\output\3405_output.csv
00:05:49 INFO __main__: Skip(調査済み): 3434 アルファ -> C:\Users\0000250059\Desktop\stock\property\land_value_research\data\output\3434_output.csv
00:05:49 INFO __main__: Skip(調査済み): 3512 日本フエルト -> C:\Users\0000250059\Desktop\stock\property\land_value_research\data\output\3512_output.csv
00:05:49 INFO __main__: Skip(調査済み): 3521 テルマー湯 HD -> C:\Users\0000250059\Desktop\stock\property\land_value_research\data\output\3521_output.csv
00:05:49 INFO __main__: Skip(調査済み): 3553 共和レザー -> C:\Users\0000250059\Desktop\stock\property\land_value_research\data\output\3553_output.csv
00:05:49 INFO __main__: Skip(調査済み): 3571 ソトー -> C:\Users\0000250059\Desktop\stock\property\land_value_research\data\output\3571_output.csv
00:05:49 INFO __main__: Skip(調査済み): 3580 小松マテーレ -> C:\Users\0000250059\Desktop\stock\property\land_value_research\data\output\3580_output.csv
00:05:49 INFO __main__: Skip(調査済み): 3583 オーベクス -> C:\Users\0000250059\Desktop\stock\property\land_value_research\data\output\3583_output.csv
00:05:49 INFO __main__: Skip(調査済み): 3865 北越コーポレーション -> C:\Users\0000250059\Desktop\stock\property\land_value_research\data\output\3865_output.csv
00:05:49 INFO __main__: Skip(調査済み): 3892 岡山製紙 -> C:\Users\0000250059\Desktop\stock\property\land_value_research\data\output\3892_output.csv
00:05:49 INFO __main__: Skip(調査済み): 3943 大石産業 -> C:\Users\0000250059\Desktop\stock\property\land_value_research\data\output\3943_output.csv
00:05:49 INFO __main__: Skip(調査済み): 3954 昭和パックス -> C:\Users\0000250059\Desktop\stock\property\land_value_research\data\output\3954_output.csv
00:05:49 INFO __main__: Skip(調査済み): 4008 住友精化 -> C:\Users\0000250059\Desktop\stock\property\land_value_research\data\output\4008_output.csv
00:05:49 INFO __main__: Skip(調査済み): 4023 クレハ -> C:\Users\0000250059\Desktop\stock\property\land_value_research\data\output\4023_output.csv
00:05:49 INFO __main__: Skip(調査済み): 4025 多木化学 -> C:\Users\0000250059\Desktop\stock\property\land_value_research\data\output\4025_output.csv
00:05:49 INFO __main__: Skip(調査済み): 4027 テイカ -> C:\Users\0000250059\Desktop\stock\property\land_value_research\data\output\4027_output.csv
00:05:49 INFO __main__: Skip(調査済み): 4044 セントラル硝子 -> C:\Users\0000250059\Desktop\stock\property\land_value_research\data\output\4044_output.csv
00:05:49 INFO __main__: Skip(調査済み): 4045 東亞合成 -> C:\Users\0000250059\Desktop\stock\property\land_value_research\data\output\4045_output.csv
00:05:49 INFO __main__: Skip(調査済み): 4064 日本カーバイド工業 -> C:\Users\0000250059\Desktop\stock\property\land_value_research\data\output\4064_output.csv
00:05:49 INFO __main__: Skip(調査済み): 4078 堺化学工業 -> C:\Users\0000250059\Desktop\stock\property\land_value_research\data\output\4078_output.csv
00:05:49 INFO __main__: Skip(調査済み): 4092 日本化学工業 -> C:\Users\0000250059\Desktop\stock\property\land_value_research\data\output\4092_output.csv
00:05:49 INFO __main__: Skip(調査済み): 4095 日本パーカライジング -> C:\Users\0000250059\Desktop\stock\property\land_value_research\data\output\4095_output.csv
00:05:49 INFO __main__: Skip(調査済み): 4112 保土谷化学工業 -> C:\Users\0000250059\Desktop\stock\property\land_value_research\data\output\4112_output.csv
00:05:49 INFO __main__: Skip(調査済み): 4113 田岡化学工業 -> C:\Users\0000250059\Desktop\stock\property\land_value_research\data\output\4113_output.csv
00:05:49 INFO __main__: Skip(調査済み): 4114 日本触媒 -> C:\Users\0000250059\Desktop\stock\property\land_value_research\data\output\4114_output.csv
00:05:49 INFO __main__: Skip(調査済み): 4116 大日精化工業 -> C:\Users\0000250059\Desktop\stock\property\land_value_research\data\output\4116_output.csv
00:05:49 INFO __main__: Skip(調査済み): 4120 スガイ化学工業 -> C:\Users\0000250059\Desktop\stock\property\land_value_research\data\output\4120_output.csv
00:05:49 INFO __main__: Skip(調査済み): 4218 ニチバン -> C:\Users\0000250059\Desktop\stock\property\land_value_research\data\output\4218_output.csv
00:05:49 INFO __main__: Skip(調査済み): 4221 大倉工業 -> C:\Users\0000250059\Desktop\stock\property\land_value_research\data\output\4221_output.csv
00:05:49 INFO __main__: Skip(調査済み): 4224 ロンシール工業株式会社 -> C:\Users\0000250059\Desktop\stock\property\land_value_research\data\output\4224_output.csv
00:05:49 INFO __main__: Skip(調査済み): 4229 群栄化学工業 -> C:\Users\0000250059\Desktop\stock\property\land_value_research\data\output\4229_output.csv
00:05:49 INFO __main__: Skip(調査済み): 4234 サンエー化研 -> C:\Users\0000250059\Desktop\stock\property\land_value_research\data\output\4234_output.csv
00:05:49 INFO __main__: Skip(調査済み): 4243 ニックス -> C:\Users\0000250059\Desktop\stock\property\land_value_research\data\output\4243_output.csv
00:05:49 INFO __main__: Skip(調査済み): 4249 森六 -> C:\Users\0000250059\Desktop\stock\property\land_value_research\data\output\4249_output.csv
00:05:49 INFO __main__: Skip(調査済み): 4365 松本油脂製薬 -> C:\Users\0000250059\Desktop\stock\property\land_value_research\data\output\4365_output.csv
00:05:49 INFO __main__: Skip(調査済み): 4367 広栄化学 -> C:\Users\0000250059\Desktop\stock\property\land_value_research\data\output\4367_output.csv
00:05:49 INFO __main__: Skip(調査済み): 4404 ミヨシ油脂 -> C:\Users\0000250059\Desktop\stock\property\land_value_research\data\output\4404_output.csv
00:05:49 INFO __main__: Skip(調査済み): 4512 わかもと製薬 -> C:\Users\0000250059\Desktop\stock\property\land_value_research\data\output\4512_output.csv
00:05:49 INFO __main__: Skip(調査済み): 4524 森下仁丹 -> C:\Users\0000250059\Desktop\stock\property\land_value_research\data\output\4524_output.csv
00:05:49 INFO __main__: Skip(調査済み): 4534 持田製薬 -> C:\Users\0000250059\Desktop\stock\property\land_value_research\data\output\4534_output.csv
00:05:49 INFO __main__: Skip(調査済み): 4540 ツムラ -> C:\Users\0000250059\Desktop\stock\property\land_value_research\data\output\4540_output.csv
00:05:49 INFO __main__: Skip(調査済み): 4547 キッセイ薬品工業 -> C:\Users\0000250059\Desktop\stock\property\land_value_research\data\output\4547_output.csv
00:05:49 INFO __main__: Skip(調査済み): 4548 生化学工業 -> C:\Users\0000250059\Desktop\stock\property\land_value_research\data\output\4548_output.csv
00:05:49 INFO __main__: Skip(調査済み): 4577 ダイト -> C:\Users\0000250059\Desktop\stock\property\land_value_research\data\output\4577_output.csv
00:05:49 INFO __main__: Skip(調査済み): 4619 日本特殊塗料 -> C:\Users\0000250059\Desktop\stock\property\land_value_research\data\output\4619_output.csv
00:05:49 INFO __main__: Skip(調査済み): 4620 藤倉化成 -> C:\Users\0000250059\Desktop\stock\property\land_value_research\data\output\4620_output.csv
00:05:49 INFO __main__: Skip(調査済み): 4623 アサヒペン -> C:\Users\0000250059\Desktop\stock\property\land_value_research\data\output\4623_output.csv
00:05:49 INFO __main__: Skip(調査済み): 4624 イサム塗料 -> C:\Users\0000250059\Desktop\stock\property\land_value_research\data\output\4624_output.csv
00:05:49 INFO __main__: Skip(調査済み): 4625 アトミクス株式会社 -> C:\Users\0000250059\Desktop\stock\property\land_value_research\data\output\4625_output.csv
00:05:49 INFO __main__: Skip(調査済み): 4629 大伸化学 -> C:\Users\0000250059\Desktop\stock\property\land_value_research\data\output\4629_output.csv
00:05:49 INFO __main__: Skip(調査済み): 4634 artience -> C:\Users\0000250059\Desktop\stock\property\land_value_research\data\output\4634_output.csv
00:05:49 INFO __main__: Skip(調査済み): 4635 東京インキ -> C:\Users\0000250059\Desktop\stock\property\land_value_research\data\output\4635_output.csv
00:05:49 INFO __main__: Skip(調査済み): 4716 4716 -> C:\Users\0000250059\Desktop\stock\property\land_value_research\data\output\4716_output.csv
00:05:49 INFO __main__: Skip(調査済み): 4718 4718 -> C:\Users\0000250059\Desktop\stock\property\land_value_research\data\output\4718_output.csv
00:05:49 INFO __main__: Skip(調査済み): 4719 4719 -> C:\Users\0000250059\Desktop\stock\property\land_value_research\data\output\4719_output.csv
00:05:49 INFO __main__: Skip(調査済み): 4720 4720 -> C:\Users\0000250059\Desktop\stock\property\land_value_research\data\output\4720_output.csv
00:05:49 INFO __main__: Skip(調査済み): 4722 4722 -> C:\Users\0000250059\Desktop\stock\property\land_value_research\data\output\4722_output.csv
00:05:49 INFO __main__: Skip(調査済み): 4725 4725 -> C:\Users\0000250059\Desktop\stock\property\land_value_research\data\output\4725_output.csv
00:05:49 INFO __main__: Skip(調査済み): 4728 4728 -> C:\Users\0000250059\Desktop\stock\property\land_value_research\data\output\4728_output.csv
00:05:49 INFO __main__: Skip(調査済み): 4732 4732 -> C:\Users\0000250059\Desktop\stock\property\land_value_research\data\output\4732_output.csv
00:05:49 INFO __main__: Skip(調査済み): 4733 4733 -> C:\Users\0000250059\Desktop\stock\property\land_value_research\data\output\4733_output.csv
00:05:49 INFO __main__: Skip(調査済み): 4735 4735 -> C:\Users\0000250059\Desktop\stock\property\land_value_research\data\output\4735_output.csv
00:05:49 INFO __main__: Skip(調査済み): 4736 4736 -> C:\Users\0000250059\Desktop\stock\property\land_value_research\data\output\4736_output.csv
00:05:49 INFO __main__: Skip(調査済み): 4743 4743 -> C:\Users\0000250059\Desktop\stock\property\land_value_research\data\output\4743_output.csv
00:05:49 INFO __main__: Skip(調査済み): 4746 4746 -> C:\Users\0000250059\Desktop\stock\property\land_value_research\data\output\4746_output.csv
00:05:49 INFO __main__: Skip(調査済み): 4750 4750 -> C:\Users\0000250059\Desktop\stock\property\land_value_research\data\output\4750_output.csv
00:05:49 INFO __main__: Skip(調査済み): 4751 4751 -> C:\Users\0000250059\Desktop\stock\property\land_value_research\data\output\4751_output.csv
00:05:49 INFO __main__: Skip(調査済み): 4752 4752 -> C:\Users\0000250059\Desktop\stock\property\land_value_research\data\output\4752_output.csv
00:05:49 INFO __main__: Skip(調査済み): 4754 4754 -> C:\Users\0000250059\Desktop\stock\property\land_value_research\data\output\4754_output.csv
00:05:49 INFO __main__: Skip(調査済み): 4755 4755 -> C:\Users\0000250059\Desktop\stock\property\land_value_research\data\output\4755_output.csv
00:05:49 INFO __main__: Skip(調査済み): 4760 4760 -> C:\Users\0000250059\Desktop\stock\property\land_value_research\data\output\4760_output.csv
00:05:49 INFO __main__: Skip(調査済み): 4761 4761 -> C:\Users\0000250059\Desktop\stock\property\land_value_research\data\output\4761_output.csv
00:05:49 INFO __main__: Skip(調査済み): 4762 4762 -> C:\Users\0000250059\Desktop\stock\property\land_value_research\data\output\4762_output.csv
00:05:49 INFO __main__: Skip(調査済み): 4763 4763 -> C:\Users\0000250059\Desktop\stock\property\land_value_research\data\output\4763_output.csv
00:05:49 INFO __main__: Skip(調査済み): 4765 4765 -> C:\Users\0000250059\Desktop\stock\property\land_value_research\data\output\4765_output.csv
00:05:49 INFO __main__: Skip(調査済み): 4766 4766 -> C:\Users\0000250059\Desktop\stock\property\land_value_research\data\output\4766_output.csv
00:05:49 INFO __main__: Skip(調査済み): 4767 4767 -> C:\Users\0000250059\Desktop\stock\property\land_value_research\data\output\4767_output.csv
00:05:49 INFO __main__: Skip(調査済み): 4901 富士フイルム HD -> C:\Users\0000250059\Desktop\stock\property\land_value_research\data\output\4901_output.csv
00:05:49 INFO __main__: Skip(調査済み): 4951 エステー -> C:\Users\0000250059\Desktop\stock\property\land_value_research\data\output\4951_output.csv
00:05:49 INFO __main__: Skip(調査済み): 4990 昭和化学工業 -> C:\Users\0000250059\Desktop\stock\property\land_value_research\data\output\4990_output.csv
00:05:49 INFO __main__: Skip(調査済み): 4997 日本農薬 -> C:\Users\0000250059\Desktop\stock\property\land_value_research\data\output\4997_output.csv
00:05:49 INFO __main__: Skip(調査済み): 5013 ユシロ -> C:\Users\0000250059\Desktop\stock\property\land_value_research\data\output\5013_output.csv
00:05:49 INFO __main__: Skip(調査済み): 5122 オカモト -> C:\Users\0000250059\Desktop\stock\property\land_value_research\data\output\5122_output.csv
00:05:49 INFO __main__: Skip(調査済み): 5184 ニチリン -> C:\Users\0000250059\Desktop\stock\property\land_value_research\data\output\5184_output.csv
00:05:49 INFO __main__: Skip(調査済み): 5186 ニッタ -> C:\Users\0000250059\Desktop\stock\property\land_value_research\data\output\5186_output.csv
00:05:49 INFO __main__: Skip(調査済み): 5189 櫻護謨 -> C:\Users\0000250059\Desktop\stock\property\land_value_research\data\output\5189_output.csv
00:05:49 INFO __main__: Skip(調査済み): 5194 相模ゴム工業 -> C:\Users\0000250059\Desktop\stock\property\land_value_research\data\output\5194_output.csv
00:05:49 INFO __main__: Skip(調査済み): 5210 日本山村硝子 -> C:\Users\0000250059\Desktop\stock\property\land_value_research\data\output\5210_output.csv
00:05:49 INFO __main__: Skip(調査済み): 5214 日本電気硝子 -> C:\Users\0000250059\Desktop\stock\property\land_value_research\data\output\5214_output.csv
00:05:49 INFO __main__: Skip(調査済み): 5218 オハラ -> C:\Users\0000250059\Desktop\stock\property\land_value_research\data\output\5218_output.csv
00:05:49 INFO __main__: Skip(調査済み): 5232 住友大阪セメント -> C:\Users\0000250059\Desktop\stock\property\land_value_research\data\output\5232_output.csv
00:05:49 INFO __main__: Skip(調査済み): 5237 ノザワ -> C:\Users\0000250059\Desktop\stock\property\land_value_research\data\output\5237_output.csv
00:05:49 INFO __main__: Skip(調査済み): 5268 旭コンクリート工業 -> C:\Users\0000250059\Desktop\stock\property\land_value_research\data\output\5268_output.csv
00:05:49 INFO __main__: Skip(調査済み): 5280 ヨシコン -> C:\Users\0000250059\Desktop\stock\property\land_value_research\data\output\5280_output.csv
00:05:49 INFO __main__: Skip(調査済み): 5302 日本カーボン -> C:\Users\0000250059\Desktop\stock\property\land_value_research\data\output\5302_output.csv
00:05:49 INFO __main__: Skip(調査済み): 5304 SECカーボン -> C:\Users\0000250059\Desktop\stock\property\land_value_research\data\output\5304_output.csv
00:05:49 INFO __main__: Skip(調査済み): 5356 美濃窯業 -> C:\Users\0000250059\Desktop\stock\property\land_value_research\data\output\5356_output.csv
00:05:49 INFO __main__: Skip(調査済み): 5363 東京窯業 -> C:\Users\0000250059\Desktop\stock\property\land_value_research\data\output\5363_output.csv
00:05:49 INFO __main__: Skip(調査済み): 5367 ニッカトー -> C:\Users\0000250059\Desktop\stock\property\land_value_research\data\output\5367_output.csv
00:05:49 INFO __main__: Skip(調査済み): 5388 クニミネ工業 -> C:\Users\0000250059\Desktop\stock\property\land_value_research\data\output\5388_output.csv
00:05:49 INFO __main__: Skip(調査済み): 5408 中山製鋼所 -> C:\Users\0000250059\Desktop\stock\property\land_value_research\data\output\5408_output.csv
00:05:49 INFO __main__: Skip(調査済み): 5410 合同製鐵 -> C:\Users\0000250059\Desktop\stock\property\land_value_research\data\output\5410_output.csv
00:05:49 INFO __main__: Skip(調査済み): 5423 東京製鐵 -> C:\Users\0000250059\Desktop\stock\property\land_value_research\data\output\5423_output.csv
00:05:49 INFO __main__: Skip(調査済み): 5440 共英製鋼 -> C:\Users\0000250059\Desktop\stock\property\land_value_research\data\output\5440_output.csv
00:05:49 INFO __main__: Skip(調査済み): 5445 東京鐵鋼 -> C:\Users\0000250059\Desktop\stock\property\land_value_research\data\output\5445_output.csv
00:05:49 INFO __main__: Skip(調査済み): 5446 北越メタル -> C:\Users\0000250059\Desktop\stock\property\land_value_research\data\output\5446_output.csv
00:05:49 INFO __main__: Skip(調査済み): 5458 高砂鐵工 -> C:\Users\0000250059\Desktop\stock\property\land_value_research\data\output\5458_output.csv
00:05:49 INFO __main__: Skip(調査済み): 5464 モリ工業 -> C:\Users\0000250059\Desktop\stock\property\land_value_research\data\output\5464_output.csv
00:05:49 INFO __main__: Skip(調査済み): 5482 愛知製鋼 -> C:\Users\0000250059\Desktop\stock\property\land_value_research\data\output\5482_output.csv
00:05:49 INFO __main__: Skip(調査済み): 5484 東北特殊鋼 -> C:\Users\0000250059\Desktop\stock\property\land_value_research\data\output\5484_output.csv
00:05:49 INFO __main__: Skip(調査済み): 5563 新日本電工 -> C:\Users\0000250059\Desktop\stock\property\land_value_research\data\output\5563_output.csv
00:05:49 INFO __main__: Skip(調査済み): 5609 日本鋳造 -> C:\Users\0000250059\Desktop\stock\property\land_value_research\data\output\5609_output.csv
00:05:49 INFO __main__: Skip(調査済み): 5644 メタルアート -> C:\Users\0000250059\Desktop\stock\property\land_value_research\data\output\5644_output.csv
00:05:49 INFO __main__: Skip(調査済み): 5697 サンユウ -> C:\Users\0000250059\Desktop\stock\property\land_value_research\data\output\5697_output.csv
00:05:49 INFO __main__: Skip(調査済み): 5753 日本伸銅株式会社 -> C:\Users\0000250059\Desktop\stock\property\land_value_research\data\output\5753_output.csv
00:05:49 INFO __main__: Skip(調査済み): 5757 CKサンエツ -> C:\Users\0000250059\Desktop\stock\property\land_value_research\data\output\5757_output.csv
00:05:49 INFO __main__: Skip(調査済み): 5816 オーナンバ -> C:\Users\0000250059\Desktop\stock\property\land_value_research\data\output\5816_output.csv
00:05:49 INFO __main__: Skip(調査済み): 5820 三ッ星 -> C:\Users\0000250059\Desktop\stock\property\land_value_research\data\output\5820_output.csv
00:05:49 INFO __main__: Skip(調査済み): 5851 リョービ -> C:\Users\0000250059\Desktop\stock\property\land_value_research\data\output\5851_output.csv
00:05:49 INFO __main__: Skip(調査済み): 5900 ダイケン -> C:\Users\0000250059\Desktop\stock\property\land_value_research\data\output\5900_output.csv
00:05:49 INFO __main__: Skip(調査済み): 5901 東洋製罐グループ HD -> C:\Users\0000250059\Desktop\stock\property\land_value_research\data\output\5901_output.csv
00:05:49 INFO __main__: Skip(調査済み): 5911 横河ブリッジ HD -> C:\Users\0000250059\Desktop\stock\property\land_value_research\data\output\5911_output.csv
00:05:49 INFO __main__: Skip(調査済み): 5918 瀧上工業 -> C:\Users\0000250059\Desktop\stock\property\land_value_research\data\output\5918_output.csv
00:05:49 INFO __main__: Skip(調査済み): 5921 川岸工業 -> C:\Users\0000250059\Desktop\stock\property\land_value_research\data\output\5921_output.csv
00:05:49 INFO __main__: Skip(調査済み): 5922 那須電機鉄工 -> C:\Users\0000250059\Desktop\stock\property\land_value_research\data\output\5922_output.csv
00:05:49 INFO __main__: Skip(調査済み): 5923 高田機工 -> C:\Users\0000250059\Desktop\stock\property\land_value_research\data\output\5923_output.csv
00:05:49 INFO __main__: Skip(調査済み): 5942 日本フイルコン -> C:\Users\0000250059\Desktop\stock\property\land_value_research\data\output\5942_output.csv
00:05:49 INFO __main__: Skip(調査済み): 5945 天龍製鋸 -> C:\Users\0000250059\Desktop\stock\property\land_value_research\data\output\5945_output.csv
00:05:49 INFO __main__: Skip(調査済み): 5957 日東精工 -> C:\Users\0000250059\Desktop\stock\property\land_value_research\data\output\5957_output.csv
00:05:49 INFO __main__: Skip(調査済み): 5958 三洋工業 -> C:\Users\0000250059\Desktop\stock\property\land_value_research\data\output\5958_output.csv
00:05:49 INFO __main__: Skip(調査済み): 5959 岡部 -> C:\Users\0000250059\Desktop\stock\property\land_value_research\data\output\5959_output.csv
00:05:49 INFO __main__: Skip(調査済み): 5962 浅香工業 -> C:\Users\0000250059\Desktop\stock\property\land_value_research\data\output\5962_output.csv
00:05:49 INFO __main__: Skip(調査済み): 5969 ロブテックス -> C:\Users\0000250059\Desktop\stock\property\land_value_research\data\output\5969_output.csv
00:05:49 INFO __main__: Skip(調査済み): 5973 トーアミ -> C:\Users\0000250059\Desktop\stock\property\land_value_research\data\output\5973_output.csv
00:05:49 INFO __main__: Skip(調査済み): 5975 東プレ -> C:\Users\0000250059\Desktop\stock\property\land_value_research\data\output\5975_output.csv
00:05:49 INFO __main__: Skip(調査済み): 5976 高周波熱錬 -> C:\Users\0000250059\Desktop\stock\property\land_value_research\data\output\5976_output.csv
00:05:49 INFO __main__: Skip(調査済み): 5988 パイオラックス -> C:\Users\0000250059\Desktop\stock\property\land_value_research\data\output\5988_output.csv
00:05:49 INFO __main__: Skip(調査済み): 5990 スーパーツール -> C:\Users\0000250059\Desktop\stock\property\land_value_research\data\output\5990_output.csv
00:05:49 INFO __main__: Skip(調査済み): 6018 阪神内燃機工業 -> C:\Users\0000250059\Desktop\stock\property\land_value_research\data\output\6018_output.csv
00:05:49 INFO __main__: Skip(調査済み): 6022 赤阪鐵工所 -> C:\Users\0000250059\Desktop\stock\property\land_value_research\data\output\6022_output.csv
00:05:49 INFO __main__: Skip(調査済み): 6042 ニッキ -> C:\Users\0000250059\Desktop\stock\property\land_value_research\data\output\6042_output.csv
00:05:49 INFO __main__: Skip(調査済み): 6118 アイダエンジニアリング -> C:\Users\0000250059\Desktop\stock\property\land_value_research\data\output\6118_output.csv
00:05:49 INFO __main__: Skip(調査済み): 6125 岡本工作機械製作所 -> C:\Users\0000250059\Desktop\stock\property\land_value_research\data\output\6125_output.csv
00:05:49 INFO __main__: Skip(調査済み): 6137 小池酸素工業 -> C:\Users\0000250059\Desktop\stock\property\land_value_research\data\output\6137_output.csv
00:05:49 INFO __main__: Skip(調査済み): 6140 旭ダイヤモンド工業 -> C:\Users\0000250059\Desktop\stock\property\land_value_research\data\output\6140_output.csv
00:05:49 INFO __main__: Skip(調査済み): 6158 和井田製作所 -> C:\Users\0000250059\Desktop\stock\property\land_value_research\data\output\6158_output.csv
00:05:49 INFO __main__: Skip(調査済み): 6203 豊和工業 -> C:\Users\0000250059\Desktop\stock\property\land_value_research\data\output\6203_output.csv
00:05:49 INFO __main__: Skip(調査済み): 6210 TOYOイノベックス -> C:\Users\0000250059\Desktop\stock\property\land_value_research\data\output\6210_output.csv
00:05:49 INFO __main__: Skip(調査済み): 6222 島精機製作所 -> C:\Users\0000250059\Desktop\stock\property\land_value_research\data\output\6222_output.csv
00:05:49 INFO __main__: Skip(調査済み): 6247 日阪製作所 -> C:\Users\0000250059\Desktop\stock\property\land_value_research\data\output\6247_output.csv
00:05:49 INFO __main__: Skip(調査済み): 6249 ゲームカード HD -> C:\Users\0000250059\Desktop\stock\property\land_value_research\data\output\6249_output.csv
00:05:49 INFO __main__: Skip(調査済み): 6262 PEGASUS -> C:\Users\0000250059\Desktop\stock\property\land_value_research\data\output\6262_output.csv
00:05:49 INFO __main__: Skip(調査済み): 6286 靜甲 -> C:\Users\0000250059\Desktop\stock\property\land_value_research\data\output\6286_output.csv
00:05:49 INFO __main__: Skip(調査済み): 6306 日工 -> C:\Users\0000250059\Desktop\stock\property\land_value_research\data\output\6306_output.csv
00:05:49 INFO __main__: Skip(調査済み): 6316 丸山製作所 -> C:\Users\0000250059\Desktop\stock\property\land_value_research\data\output\6316_output.csv
00:05:49 INFO __main__: Skip(調査済み): 6317 北川鉄工所 -> C:\Users\0000250059\Desktop\stock\property\land_value_research\data\output\6317_output.csv
00:05:49 INFO __main__: Skip(調査済み): 6325 タカキタ -> C:\Users\0000250059\Desktop\stock\property\land_value_research\data\output\6325_output.csv
00:05:49 INFO __main__: Skip(調査済み): 6335 東京機械製作所 -> C:\Users\0000250059\Desktop\stock\property\land_value_research\data\output\6335_output.csv
00:05:49 INFO __main__: Skip(調査済み): 6339 新東工業 -> C:\Users\0000250059\Desktop\stock\property\land_value_research\data\output\6339_output.csv
00:05:49 INFO __main__: Skip(調査済み): 6342 太平製作所 -> C:\Users\0000250059\Desktop\stock\property\land_value_research\data\output\6342_output.csv
00:05:49 INFO __main__: Skip(調査済み): 6346 キクカワエンタープライズ -> C:\Users\0000250059\Desktop\stock\property\land_value_research\data\output\6346_output.csv
00:05:49 INFO __main__: Skip(調査済み): 6349 小森コーポレーション -> C:\Users\0000250059\Desktop\stock\property\land_value_research\data\output\6349_output.csv
00:05:49 INFO __main__: Skip(調査済み): 6356 日本ギア工業 -> C:\Users\0000250059\Desktop\stock\property\land_value_research\data\output\6356_output.csv
00:05:49 INFO __main__: Skip(調査済み): 6360 東京自働機械製作所 -> C:\Users\0000250059\Desktop\stock\property\land_value_research\data\output\6360_output.csv
00:05:49 INFO __main__: Skip(調査済み): 6371 椿本チエイン -> C:\Users\0000250059\Desktop\stock\property\land_value_research\data\output\6371_output.csv
00:05:49 INFO __main__: Skip(調査済み): 6382 トリニティ工業 -> C:\Users\0000250059\Desktop\stock\property\land_value_research\data\output\6382_output.csv
00:05:49 INFO __main__: Skip(調査済み): 6391 加地テック -> C:\Users\0000250059\Desktop\stock\property\land_value_research\data\output\6391_output.csv
00:05:49 INFO __main__: Skip(調査済み): 6392 ヤマダコーポレーション -> C:\Users\0000250059\Desktop\stock\property\land_value_research\data\output\6392_output.csv
00:05:49 INFO __main__: Skip(調査済み): 6393 油研工業 -> C:\Users\0000250059\Desktop\stock\property\land_value_research\data\output\6393_output.csv
00:05:49 INFO __main__: Skip(調査済み): 6457 グローリー -> C:\Users\0000250059\Desktop\stock\property\land_value_research\data\output\6457_output.csv
00:05:49 INFO __main__: Skip(調査済み): 6463 TPR -> C:\Users\0000250059\Desktop\stock\property\land_value_research\data\output\6463_output.csv
00:05:49 INFO __main__: Skip(調査済み): 6470 大豊工業 -> C:\Users\0000250059\Desktop\stock\property\land_value_research\data\output\6470_output.csv
00:05:49 INFO __main__: Skip(調査済み): 6471 日本精工 -> C:\Users\0000250059\Desktop\stock\property\land_value_research\data\output\6471_output.csv
00:05:49 INFO __main__: Skip(調査済み): 6474 不二越 -> C:\Users\0000250059\Desktop\stock\property\land_value_research\data\output\6474_output.csv
00:05:49 INFO __main__: Skip(調査済み): 6488 ヨシタケ -> C:\Users\0000250059\Desktop\stock\property\land_value_research\data\output\6488_output.csv
00:05:49 INFO __main__: Skip(調査済み): 6496 中北製作所 -> C:\Users\0000250059\Desktop\stock\property\land_value_research\data\output\6496_output.csv
00:05:49 INFO __main__: Skip(調査済み): 6497 ハマイ -> C:\Users\0000250059\Desktop\stock\property\land_value_research\data\output\6497_output.csv
00:05:49 INFO __main__: Skip(調査済み): 6505 東洋電機製造 -> C:\Users\0000250059\Desktop\stock\property\land_value_research\data\output\6505_output.csv
00:05:49 INFO __main__: Skip(調査済み): 6513 オリジン -> C:\Users\0000250059\Desktop\stock\property\land_value_research\data\output\6513_output.csv
00:05:49 INFO __main__: Skip(調査済み): 6517 デンヨー -> C:\Users\0000250059\Desktop\stock\property\land_value_research\data\output\6517_output.csv
00:05:49 INFO __main__: Skip(調査済み): 6643 戸上電機製作所 -> C:\Users\0000250059\Desktop\stock\property\land_value_research\data\output\6643_output.csv
00:05:49 INFO __main__: Skip(調査済み): 6647 森尾電機 -> C:\Users\0000250059\Desktop\stock\property\land_value_research\data\output\6647_output.csv
00:05:49 INFO __main__: Skip(調査済み): 6741 日本信号 -> C:\Users\0000250059\Desktop\stock\property\land_value_research\data\output\6741_output.csv
00:05:49 INFO __main__: Skip(調査済み): 6763 帝国通信工業 -> C:\Users\0000250059\Desktop\stock\property\land_value_research\data\output\6763_output.csv
00:05:49 INFO __main__: Skip(調査済み): 6768 タムラ製作所 -> C:\Users\0000250059\Desktop\stock\property\land_value_research\data\output\6768_output.csv
00:05:49 INFO __main__: Skip(調査済み): 6798 SMK -> C:\Users\0000250059\Desktop\stock\property\land_value_research\data\output\6798_output.csv
00:05:49 INFO __main__: Skip(調査済み): 6848 東亜ディーケーケー -> C:\Users\0000250059\Desktop\stock\property\land_value_research\data\output\6848_output.csv
00:05:49 INFO __main__: Skip(調査済み): 6867 リーダー電子 -> C:\Users\0000250059\Desktop\stock\property\land_value_research\data\output\6867_output.csv
00:05:49 INFO __main__: Skip(調査済み): 6882 三社電機製作所 -> C:\Users\0000250059\Desktop\stock\property\land_value_research\data\output\6882_output.csv
00:05:49 INFO __main__: Skip(調査済み): 6901 澤藤電機 -> C:\Users\0000250059\Desktop\stock\property\land_value_research\data\output\6901_output.csv
00:05:49 INFO __main__: Skip(調査済み): 6923 スタンレー電気 -> C:\Users\0000250059\Desktop\stock\property\land_value_research\data\output\6923_output.csv
00:05:49 INFO __main__: Skip(調査済み): 6926 岡谷電機産業 -> C:\Users\0000250059\Desktop\stock\property\land_value_research\data\output\6926_output.csv
00:05:49 INFO __main__: Skip(調査済み): 6986 双葉電子工業 -> C:\Users\0000250059\Desktop\stock\property\land_value_research\data\output\6986_output.csv
00:05:49 INFO __main__: Skip(調査済み): 6989 北陸電気工業 -> C:\Users\0000250059\Desktop\stock\property\land_value_research\data\output\6989_output.csv
00:05:49 INFO __main__: Skip(調査済み): 6994 指月電機製作所 -> C:\Users\0000250059\Desktop\stock\property\land_value_research\data\output\6994_output.csv
00:05:49 INFO __main__: Skip(調査済み): 6998 日本タングステン -> C:\Users\0000250059\Desktop\stock\property\land_value_research\data\output\6998_output.csv
00:05:49 INFO __main__: Skip(調査済み): 6999 KOA -> C:\Users\0000250059\Desktop\stock\property\land_value_research\data\output\6999_output.csv
00:05:49 INFO __main__: Skip(調査済み): 7122 近畿車輛 -> C:\Users\0000250059\Desktop\stock\property\land_value_research\data\output\7122_output.csv
00:05:49 INFO __main__: Skip(調査済み): 7175 今村証券 -> C:\Users\0000250059\Desktop\stock\property\land_value_research\data\output\7175_output.csv
00:05:49 INFO __main__: Skip(調査済み): 7235 東京ラヂエーター製造 -> C:\Users\0000250059\Desktop\stock\property\land_value_research\data\output\7235_output.csv
00:05:49 INFO __main__: Skip(調査済み): 7240 NOK -> C:\Users\0000250059\Desktop\stock\property\land_value_research\data\output\7240_output.csv
00:05:49 INFO __main__: Skip(調査済み): 7244 市光工業 -> C:\Users\0000250059\Desktop\stock\property\land_value_research\data\output\7244_output.csv
00:05:49 INFO __main__: Skip(調査済み): 7246 プレス工業 -> C:\Users\0000250059\Desktop\stock\property\land_value_research\data\output\7246_output.csv
00:05:49 INFO __main__: Skip(調査済み): 7250 太平洋工業 -> C:\Users\0000250059\Desktop\stock\property\land_value_research\data\output\7250_output.csv
00:05:49 INFO __main__: Skip(調査済み): 7255 桜井製作所 -> C:\Users\0000250059\Desktop\stock\property\land_value_research\data\output\7255_output.csv
00:05:49 INFO __main__: Skip(調査済み): 7266 今仙電機製作所 -> C:\Users\0000250059\Desktop\stock\property\land_value_research\data\output\7266_output.csv
00:05:49 INFO __main__: Skip(調査済み): 7279 ハイレックスコーポレーション -> C:\Users\0000250059\Desktop\stock\property\land_value_research\data\output\7279_output.csv
00:05:49 INFO __main__: Skip(調査済み): 7287 日本精機 -> C:\Users\0000250059\Desktop\stock\property\land_value_research\data\output\7287_output.csv
00:05:49 INFO __main__: Skip(調査済み): 7292 村上開明堂 -> C:\Users\0000250059\Desktop\stock\property\land_value_research\data\output\7292_output.csv
00:05:49 INFO __main__: Skip(調査済み): 7296 エフ・シー・シー -> C:\Users\0000250059\Desktop\stock\property\land_value_research\data\output\7296_output.csv
00:05:49 INFO __main__: Skip(調査済み): 7305 新家工業 -> C:\Users\0000250059\Desktop\stock\property\land_value_research\data\output\7305_output.csv
00:05:49 INFO __main__: Skip(調査済み): 7399 ナンシン -> C:\Users\0000250059\Desktop\stock\property\land_value_research\data\output\7399_output.csv
00:05:49 INFO __main__: Skip(調査済み): 7434 オータケ -> C:\Users\0000250059\Desktop\stock\property\land_value_research\data\output\7434_output.csv
00:05:49 INFO __main__: Skip(調査済み): 7435 ナ・デックス -> C:\Users\0000250059\Desktop\stock\property\land_value_research\data\output\7435_output.csv
00:05:49 INFO __main__: Skip(調査済み): 7442 中山福 -> C:\Users\0000250059\Desktop\stock\property\land_value_research\data\output\7442_output.csv
00:05:49 INFO __main__: Skip(調査済み): 7444 ハリマ共和物産 -> C:\Users\0000250059\Desktop\stock\property\land_value_research\data\output\7444_output.csv
00:05:49 INFO __main__: Skip(調査済み): 7460 ヤギ -> C:\Users\0000250059\Desktop\stock\property\land_value_research\data\output\7460_output.csv
00:05:49 INFO __main__: Skip(調査済み): 7466 SPK -> C:\Users\0000250059\Desktop\stock\property\land_value_research\data\output\7466_output.csv
00:05:49 INFO __main__: Skip(調査済み): 7486 サンリン -> C:\Users\0000250059\Desktop\stock\property\land_value_research\data\output\7486_output.csv
00:05:49 INFO __main__: Skip(調査済み): 7487 小津産業 -> C:\Users\0000250059\Desktop\stock\property\land_value_research\data\output\7487_output.csv
00:05:49 INFO __main__: Skip(調査済み): 7490 日新商事 -> C:\Users\0000250059\Desktop\stock\property\land_value_research\data\output\7490_output.csv
00:05:49 INFO __main__: Skip(調査済み): 7510 たけびし -> C:\Users\0000250059\Desktop\stock\property\land_value_research\data\output\7510_output.csv
00:05:49 INFO __main__: Skip(調査済み): 7521 ムサシ -> C:\Users\0000250059\Desktop\stock\property\land_value_research\data\output\7521_output.csv
00:05:49 INFO __main__: Skip(調査済み): 7565 萬世電機 -> C:\Users\0000250059\Desktop\stock\property\land_value_research\data\output\7565_output.csv
00:05:49 INFO __main__: Skip(調査済み): 7841 遠藤製作所 -> C:\Users\0000250059\Desktop\stock\property\land_value_research\data\output\7841_output.csv
00:05:49 INFO __main__: Skip(調査済み): 7875 竹田iP HD -> C:\Users\0000250059\Desktop\stock\property\land_value_research\data\output\7875_output.csv
00:05:49 INFO __main__: Skip(調査済み): 7883 サンメッセ -> C:\Users\0000250059\Desktop\stock\property\land_value_research\data\output\7883_output.csv
00:05:49 INFO __main__: Skip(調査済み): 7887 南海プライウッド -> C:\Users\0000250059\Desktop\stock\property\land_value_research\data\output\7887_output.csv
00:05:49 INFO __main__: Skip(調査済み): 7916 光村印刷 -> C:\Users\0000250059\Desktop\stock\property\land_value_research\data\output\7916_output.csv
00:05:49 INFO __main__: Skip(調査済み): 7932 ニッピ -> C:\Users\0000250059\Desktop\stock\property\land_value_research\data\output\7932_output.csv
00:05:49 INFO __main__: Skip(調査済み): 7962 キングジム -> C:\Users\0000250059\Desktop\stock\property\land_value_research\data\output\7962_output.csv
00:05:49 INFO __main__: Skip(調査済み): 7971 東リ -> C:\Users\0000250059\Desktop\stock\property\land_value_research\data\output\7971_output.csv
00:05:49 INFO __main__: Skip(調査済み): 7975 リヒトラブ -> C:\Users\0000250059\Desktop\stock\property\land_value_research\data\output\7975_output.csv
00:05:49 INFO __main__: Skip(調査済み): 7976 三菱鉛筆 -> C:\Users\0000250059\Desktop\stock\property\land_value_research\data\output\7976_output.csv
00:05:49 INFO __main__: Skip(調査済み): 7981 タカラスタンダード -> C:\Users\0000250059\Desktop\stock\property\land_value_research\data\output\7981_output.csv
00:05:49 INFO __main__: Skip(調査済み): 7986 日本アイ・エス・ケイ -> C:\Users\0000250059\Desktop\stock\property\land_value_research\data\output\7986_output.csv
00:05:49 INFO __main__: Skip(調査済み): 7989 立川ブラインド工業 -> C:\Users\0000250059\Desktop\stock\property\land_value_research\data\output\7989_output.csv
00:05:49 INFO __main__: Skip(調査済み): 7990 グローブライド -> C:\Users\0000250059\Desktop\stock\property\land_value_research\data\output\7990_output.csv
00:05:49 INFO __main__: Skip(調査済み): 7991 マミヤ・オーピー -> C:\Users\0000250059\Desktop\stock\property\land_value_research\data\output\7991_output.csv
00:05:49 INFO __main__: Skip(調査済み): 7997 くろがね工作所 -> C:\Users\0000250059\Desktop\stock\property\land_value_research\data\output\7997_output.csv
00:05:49 INFO __main__: Skip(調査済み): 8006 ユアサ・フナショク -> C:\Users\0000250059\Desktop\stock\property\land_value_research\data\output\8006_output.csv
00:05:49 INFO __main__: Skip(調査済み): 8013 ナイガイ -> C:\Users\0000250059\Desktop\stock\property\land_value_research\data\output\8013_output.csv
00:05:49 INFO __main__: Skip(調査済み): 8018 三共生興 -> C:\Users\0000250059\Desktop\stock\property\land_value_research\data\output\8018_output.csv
00:05:49 INFO __main__: Skip(調査済み): 8043 スターゼン -> C:\Users\0000250059\Desktop\stock\property\land_value_research\data\output\8043_output.csv
00:05:49 INFO __main__: Skip(調査済み): 8045 横浜丸魚 -> C:\Users\0000250059\Desktop\stock\property\land_value_research\data\output\8045_output.csv
00:05:49 INFO __main__: Skip(調査済み): 8046 丸藤シートパイル -> C:\Users\0000250059\Desktop\stock\property\land_value_research\data\output\8046_output.csv
00:05:49 INFO __main__: Skip(調査済み): 8084 RYODEN -> C:\Users\0000250059\Desktop\stock\property\land_value_research\data\output\8084_output.csv
00:05:49 INFO __main__: Skip(調査済み): 8093 極東貿易 -> C:\Users\0000250059\Desktop\stock\property\land_value_research\data\output\8093_output.csv
00:05:49 INFO __main__: Skip(調査済み): 8103 明和産業 -> C:\Users\0000250059\Desktop\stock\property\land_value_research\data\output\8103_output.csv
00:05:49 INFO __main__: Skip(調査済み): 8118 キング -> C:\Users\0000250059\Desktop\stock\property\land_value_research\data\output\8118_output.csv
00:05:49 INFO __main__: Skip(調査済み): 8119 三栄コーポレーション -> C:\Users\0000250059\Desktop\stock\property\land_value_research\data\output\8119_output.csv
00:05:49 INFO __main__: Skip(調査済み): 8123 川辺 -> C:\Users\0000250059\Desktop\stock\property\land_value_research\data\output\8123_output.csv
00:05:49 INFO __main__: Skip(調査済み): 8127 ヤマトインターナショナル -> C:\Users\0000250059\Desktop\stock\property\land_value_research\data\output\8127_output.csv
00:05:49 INFO __main__: Skip(調査済み): 8138 三京化成 -> C:\Users\0000250059\Desktop\stock\property\land_value_research\data\output\8138_output.csv
00:05:49 INFO __main__: Skip(調査済み): 8144 デンキョーグループ HD -> C:\Users\0000250059\Desktop\stock\property\land_value_research\data\output\8144_output.csv
00:05:49 INFO __main__: Skip(調査済み): 8147 トミタ -> C:\Users\0000250059\Desktop\stock\property\land_value_research\data\output\8147_output.csv
00:05:49 INFO __main__: Skip(調査済み): 8152 ソマール -> C:\Users\0000250059\Desktop\stock\property\land_value_research\data\output\8152_output.csv
00:05:49 INFO __main__: Skip(調査済み): 8159 立花エレテック -> C:\Users\0000250059\Desktop\stock\property\land_value_research\data\output\8159_output.csv
00:05:49 INFO __main__: Skip(調査済み): 8181 株式会社東天紅 -> C:\Users\0000250059\Desktop\stock\property\land_value_research\data\output\8181_output.csv
00:05:49 INFO __main__: Skip(調査済み): 8185 チヨダ -> C:\Users\0000250059\Desktop\stock\property\land_value_research\data\output\8185_output.csv
00:05:49 INFO __main__: Skip(調査済み): 8283 PALTAC -> C:\Users\0000250059\Desktop\stock\property\land_value_research\data\output\8283_output.csv
00:05:49 INFO __main__: Skip(調査済み): 8291 日産東京販売 HD -> C:\Users\0000250059\Desktop\stock\property\land_value_research\data\output\8291_output.csv
00:05:49 INFO __main__: Skip(調査済み): 8622 水戸証券 -> C:\Users\0000250059\Desktop\stock\property\land_value_research\data\output\8622_output.csv
00:05:49 INFO __main__: Skip(調査済み): 8699 HS HD -> C:\Users\0000250059\Desktop\stock\property\land_value_research\data\output\8699_output.csv
00:05:49 INFO __main__: Skip(調査済み): 8700 丸八証券 -> C:\Users\0000250059\Desktop\stock\property\land_value_research\data\output\8700_output.csv
00:05:49 INFO __main__: Skip(調査済み): 8841 テーオーシー -> C:\Users\0000250059\Desktop\stock\property\land_value_research\data\output\8841_output.csv
00:05:49 INFO __main__: Skip(調査済み): 9034 南総通運 -> C:\Users\0000250059\Desktop\stock\property\land_value_research\data\output\9034_output.csv
00:05:49 INFO __main__: Skip(調査済み): 9036 東部ネットワーク -> C:\Users\0000250059\Desktop\stock\property\land_value_research\data\output\9036_output.csv
00:05:49 INFO __main__: Skip(調査済み): 9059 カンダ HD -> C:\Users\0000250059\Desktop\stock\property\land_value_research\data\output\9059_output.csv
00:05:49 INFO __main__: Skip(調査済み): 9073 京極運輸商事 -> C:\Users\0000250059\Desktop\stock\property\land_value_research\data\output\9073_output.csv
00:05:49 INFO __main__: Skip(調査済み): 9074 日本石油輸送 -> C:\Users\0000250059\Desktop\stock\property\land_value_research\data\output\9074_output.csv
00:05:49 INFO __main__: Skip(調査済み): 9076 セイノー HD -> C:\Users\0000250059\Desktop\stock\property\land_value_research\data\output\9076_output.csv
00:05:49 INFO __main__: Skip(調査済み): 9083 神姫バス株式会社 -> C:\Users\0000250059\Desktop\stock\property\land_value_research\data\output\9083_output.csv
00:05:49 INFO __main__: Skip(調査済み): 9087 タカセ -> C:\Users\0000250059\Desktop\stock\property\land_value_research\data\output\9087_output.csv
00:05:49 INFO __main__: Skip(調査済み): 9101 日本郵船 -> C:\Users\0000250059\Desktop\stock\property\land_value_research\data\output\9101_output.csv
00:05:49 INFO __main__: Skip(調査済み): 9104 株式会社商船三井 -> C:\Users\0000250059\Desktop\stock\property\land_value_research\data\output\9104_output.csv
00:05:49 INFO __main__: Skip(調査済み): 9107 川崎汽船 -> C:\Users\0000250059\Desktop\stock\property\land_value_research\data\output\9107_output.csv
00:05:49 INFO __main__: Skip(調査済み): 9127 玉井商船 -> C:\Users\0000250059\Desktop\stock\property\land_value_research\data\output\9127_output.csv
00:05:49 INFO __main__: Skip(調査済み): 9193 東京汽船 -> C:\Users\0000250059\Desktop\stock\property\land_value_research\data\output\9193_output.csv
00:05:49 INFO __main__: Skip(調査済み): 9306 東陽倉庫 -> C:\Users\0000250059\Desktop\stock\property\land_value_research\data\output\9306_output.csv
00:05:49 INFO __main__: Skip(調査済み): 9307 杉村倉庫 -> C:\Users\0000250059\Desktop\stock\property\land_value_research\data\output\9307_output.csv
00:05:49 INFO __main__: Skip(調査済み): 9312 ケイヒン -> C:\Users\0000250059\Desktop\stock\property\land_value_research\data\output\9312_output.csv
00:05:49 INFO __main__: Skip(調査済み): 9313 丸八倉庫 -> C:\Users\0000250059\Desktop\stock\property\land_value_research\data\output\9313_output.csv
00:05:49 INFO __main__: Skip(調査済み): 9319 中央倉庫 -> C:\Users\0000250059\Desktop\stock\property\land_value_research\data\output\9319_output.csv
00:05:49 INFO __main__: Skip(調査済み): 9351 東洋埠頭 -> C:\Users\0000250059\Desktop\stock\property\land_value_research\data\output\9351_output.csv
00:05:49 INFO __main__: Skip(調査済み): 9353 櫻島埠頭 -> C:\Users\0000250059\Desktop\stock\property\land_value_research\data\output\9353_output.csv
00:05:49 INFO __main__: Skip(調査済み): 9363 大運 -> C:\Users\0000250059\Desktop\stock\property\land_value_research\data\output\9363_output.csv
00:05:49 INFO __main__: Skip(調査済み): 9535 広島ガス -> C:\Users\0000250059\Desktop\stock\property\land_value_research\data\output\9535_output.csv
00:05:49 INFO __main__: Skip(調査済み): 9537 北陸瓦斯株式会社 -> C:\Users\0000250059\Desktop\stock\property\land_value_research\data\output\9537_output.csv
00:05:49 INFO __main__: Skip(調査済み): 9539 京葉瓦斯 -> C:\Users\0000250059\Desktop\stock\property\land_value_research\data\output\9539_output.csv
00:05:49 INFO __main__: Skip(調査済み): 9543 静岡ガス -> C:\Users\0000250059\Desktop\stock\property\land_value_research\data\output\9543_output.csv
00:05:49 INFO __main__: Skip(調査済み): 9633 東京テアトル -> C:\Users\0000250059\Desktop\stock\property\land_value_research\data\output\9633_output.csv
00:05:49 INFO __main__: Skip(調査済み): 9635 武蔵野興業 -> C:\Users\0000250059\Desktop\stock\property\land_value_research\data\output\9635_output.csv
00:05:49 INFO __main__: Skip(調査済み): 9679 ホウライ -> C:\Users\0000250059\Desktop\stock\property\land_value_research\data\output\9679_output.csv
00:05:49 INFO __main__: Skip(調査済み): 9713 ロイヤルホテル -> C:\Users\0000250059\Desktop\stock\property\land_value_research\data\output\9713_output.csv
00:05:49 INFO __main__: Skip(調査済み): 9832 オートバックスセブン -> C:\Users\0000250059\Desktop\stock\property\land_value_research\data\output\9832_output.csv
00:05:49 INFO __main__: Skip(調査済み): 9857 英和 -> C:\Users\0000250059\Desktop\stock\property\land_value_research\data\output\9857_output.csv
00:05:49 INFO __main__: Skip(調査済み): 9929 平和紙業 -> C:\Users\0000250059\Desktop\stock\property\land_value_research\data\output\9929_output.csv
00:05:49 INFO __main__: Skip(調査済み): 9932 杉本商事 -> C:\Users\0000250059\Desktop\stock\property\land_value_research\data\output\9932_output.csv
00:05:49 INFO __main__: Skip(調査済み): 9972 アルテック -> C:\Users\0000250059\Desktop\stock\property\land_value_research\data\output\9972_output.csv
00:05:49 INFO __main__: Skip(調査済み): 9982 タキヒヨー -> C:\Users\0000250059\Desktop\stock\property\land_value_research\data\output\9982_output.csv
00:05:49 INFO __main__: 調査済みスキップ件数: 861
00:05:49 INFO __main__: 処理開始: 2757社
00:13:16 WARNING __main__: サイト処理スキップ: 3333 多摩境店 ValueError: 東京都住所として解釈できません: 東京都町
00:13:55 WARNING __main__: サイト処理スキップ: 3361 西東京営業所 ValueError: 住所参照データで解決できません: 東京都羽村
